model,param,module,include,initial,lower_limit,upper_limit,provided_initial
dpb,local cons_travel = 1.85,preday,TRUE,1.85,-2,2,1.85
dpb,local beta_homemaker = 0,preday,TRUE,0,0,0,0
dpb,local beta_retired = -0.419,preday,TRUE,-0.419,-2,2,-0.419
dpb,local beta_fulltime = 14.10,preday,TRUE,17.16900842,10,19.16900842,14.1
dpb,local beta_parttime = 0,preday,TRUE,0,0,0,0
dpb,local beta_selfemployed = 0,preday,TRUE,0,0,0,0
dpb,local beta_unemployed = -0.329,preday,TRUE,-0.450276634,-2.450276634,1.549723366,-0.329
dpb,local beta_female_travel = 0.348,preday,TRUE,1.699543379,-0.300456621,3.699543379,0.348
dpb,local beta_age2025_travel = -2.32,preday,TRUE,-2.32,-4,4,-2.32
dpb,local beta_age2635_travel = -2.87,preday,TRUE,-2.87,-4,4,-2.87
dpb,local beta_age3650_travel = -2.68,preday,TRUE,-0.983977714,-4,4,-2.68
dpb,local beta_age5165_travel = -2.87,preday,TRUE,-1.110812026,-4,4,-2.87
dpb,local beta_age65_travel = -3.01,preday,TRUE,-1.882195843,-4,4,-3.01
dpb,local beta_maleage4_travel = -0.0547,preday,TRUE,-0.144781492,-4,4,-0.0547
dpb,local beta_maleage515_travel = -0.0436,preday,TRUE,-12.26515037,-4,4,-0.0436
dpb,local beta_femalenone_travel = -0.0541,preday,TRUE,-0.0541,-4,4,-0.0541
dpb,local beta_femaleage4_travel = -0.243,preday,TRUE,-7.087699282,-4,4,-0.243
dpb,local beta_femaleage515_travel = -0.0453,preday,TRUE,-0.139679538,-4,4,-0.0453
dpb,local beta_onlyadults_travel = 0.326,preday,TRUE,-9.822398656,-11.82239866,10,0.326
dpb,local beta_income_travel = 0.162,preday,TRUE,-1.393649173,-3.393649173,3,0.162
dpb,local beta_missingincome_travel = -0.427,preday,TRUE,6.998231473,-4,4,-0.427
dpb,local beta_workathome_travel = 0,preday,TRUE,0,0,0,0
dpb,local beta_twoplus_car_travel = 1.2,preday,TRUE,2.656672291,-4,4,1.2
dpb,local beta_one_car_travel = 1.2,preday,TRUE,1.2,-4,4,1.2
dpb,local beta_motoravail_travel = -0.235,preday,TRUE,3.761126278,-4,4,-0.235
dpb,local beta_dptour_logsum = 0.227,preday,TRUE,0.218653974,-1.781346026,2.218653974,0.227
dps,local beta_stop_work = -4.829,preday,TRUE,-7.583133495,-10,10,-4.829
dps,local beta_stop_edu = -4.829,preday,TRUE,-4.115647122,-10,10,-4.829
dps,local beta_stop_shop = -5.566,preday,TRUE,-5.566,-10,10,-5.566
dps,local beta_stop_others = -3.96,preday,TRUE,-1.573219561,-10,10,-3.96
dps,local beta_parttime_work = 0,preday,TRUE,0,0,0,0
dps,local beta_parttime_edu = 0,preday,TRUE,0,0,0,0
dps,local beta_parttime_shop = 0,preday,TRUE,0,0,0,0
dps,local beta_parttime_others = 0,preday,TRUE,0,0,0,0
dps,local beta_selfemployed_work = 0,preday,TRUE,0,0,0,0
dps,local beta_selfemployed_edu = 0,preday,TRUE,0,0,0,0
dps,local beta_selfemployed_shop = 0,preday,TRUE,0,0,0,0
dps,local beta_selfemployed_others = 0,preday,TRUE,0,0,0,0
dps,local beta_universitystudent_work = 0,preday,TRUE,-1.00542099,-3.00542099,0.99457901,0
dps,local beta_universitystudent_edu = 0,preday,TRUE,-1.158494777,-3.158494777,0.841505223,0
dps,local beta_universitystudent_shop = 0,preday,TRUE,0,0,0,0
dps,local beta_universitystudent_others = 0.144,preday,TRUE,-1.844943769,-3.844943769,0.155056231,0.144
dps,local beta_homemaker_work = 0,preday,TRUE,0,0,0,0
dps,local beta_homemaker_edu = 0,preday,TRUE,0,0,0,0
dps,local beta_homemaker_shop = 0,preday,TRUE,0,0,0,0
dps,local beta_homemaker_others = 0,preday,TRUE,0,0,0,0
dps,local beta_retired_work = 0,preday,TRUE,-7.395730797,-5,5,0
dps,local beta_retired_edu = 0,preday,TRUE,-1.048732904,-3.048732904,0.951267096,0
dps,local beta_retired_shop = 1.0,preday,TRUE,3.805927898,1.805927898,5.805927898,1
dps,local beta_retired_others = 0.236,preday,TRUE,-0.441451264,-2.441451264,1.558548736,0.236
dps,local beta_unemployed_work = 0,preday,TRUE,-999,0,0,0
dps,local beta_unemployed_edu = 0,preday,TRUE,-2.017010655,-4.017010655,-0.017010655,0
dps,local beta_unemployed_shop = 1.14,preday,TRUE,1.14,1.14,1.14,1.14
dps,local beta_unemployed_others = 1.06,preday,TRUE,5.395164272,3.395164272,7.395164272,1.06
dps,local beta_nationalservice_work = 0,preday,TRUE,0,0,0,0
dps,local beta_nationalservice_edu = 0,preday,TRUE,0,0,0,0
dps,local beta_nationalservice_shop = 0,preday,TRUE,0,0,0,0
dps,local beta_nationalservice_others = 0,preday,TRUE,0,0,0,0
dps,local beta_voluntary_work = 0,preday,TRUE,0,0,0,0
dps,local beta_voluntary_edu = 0,preday,TRUE,0,0,0,0
dps,local beta_voluntary_shop = 0,preday,TRUE,0,0,0,0
dps,local beta_voluntary_others = 0,preday,TRUE,0,0,0,0
dps,local beta_domestic_work= 0,preday,TRUE,0,0,0,0
dps,local beta_domestic_edu = 0,preday,TRUE,0,0,0,0
dps,local beta_domestic_shop = 0,preday,TRUE,0,0,0,0
dps,local beta_domestic_others = 0,preday,TRUE,0,0,0,0
dps,local beta_otherworker_work = 0,preday,TRUE,0,0,0,0
dps,local beta_otherworker_edu = 0,preday,TRUE,0,0,0,0
dps,local beta_otherworker_shop = 0,preday,TRUE,0,0,0,0
dps,local beta_otherworker_others = 0,preday,TRUE,0,0,0,0
dps,local beta_student16_work = 0,preday,TRUE,-999,-999,-999,0
dps,local beta_student16_edu = 0,preday,TRUE,0.378534523,-1.621465477,2.378534523,0
dps,local beta_student16_shop = 0.236,preday,TRUE,-1.901526104,-3.901526104,0.098473896,0.236
dps,local beta_student16_others = -0.734,preday,TRUE,0.819290695,-1.180709305,2.819290695,-0.734
dps,local beta_student515_work = 0,preday,TRUE,-999,-999,-999,0
dps,local beta_student515_edu = 0,preday,TRUE,-2.044830843,-4.044830843,-0.044830843,0
dps,local beta_student515_shop = -1.51,preday,TRUE,-1.453893532,-3.453893532,0.546106468,-1.51
dps,local beta_student515_others = -1.07,preday,TRUE,-0.633350688,-2.633350688,1.366649312,-1.07
dps,local beta_child4_work = 0,preday,TRUE,-9.794034435,-10,10,0
dps,local beta_child4_edu = 0,preday,TRUE,2.433764308,0.433764308,4.433764308,0
dps,local beta_child4_shop = 0,preday,TRUE,-2.105099933,-4.105099933,-0.105099933,0
dps,local beta_child4_others = 0,preday,TRUE,0,0,0,0
dps,local beta_age2025_work = 0.541,preday,TRUE,-1.077268739,-10,10,0.541
dps,local beta_age2025_edu = 0,preday,TRUE,7.881225684,5.881225684,9.881225684,0
dps,local beta_age2025_shop = 0.533,preday,TRUE,1.4029717,-0.5970283,3.4029717,0.533
dps,local beta_age2025_others = -0.654,preday,TRUE,-7.301013481,-9.301013481,-5.301013481,-0.654
dps,local beta_age2635_work = -0.0821,preday,TRUE,6.487268731,2,10,-0.0821
dps,local beta_age2635_edu = 0,preday,TRUE,0,0,0,0
dps,local beta_age2635_shop = 0.295,preday,TRUE,6.607298617,4.607298617,8.607298617,0.295
dps,local beta_age2635_others = 0,preday,TRUE,0,0,0,0
dps,local beta_age5165_work = 0,preday,TRUE,-3.252137714,-5,5,0
dps,local beta_age5165_edu = 0,preday,TRUE,-4.441556079,-6.441556079,-2.441556079,0
dps,local beta_age5165_shop = 0,preday,TRUE,0,0,0,0
dps,local beta_age5165_others = 0,preday,TRUE,0,0,0,0
dps,local beta_maleage4_work = 0.0552,preday,TRUE,-0.474372021,-5,5,0.0552
dps,local beta_maleage4_edu = 0,preday,TRUE,9.69312,7.69312,11.69312,0
dps,local beta_maleage4_shop = -1.05,preday,TRUE,2.132409529,0.132409529,4.132409529,-1.05
dps,local beta_maleage4_others = 0.268,preday,TRUE,3.759038285,1.759038285,5.759038285,0.268
dps,local beta_maleage515_work = 0.119,preday,TRUE,0.055704424,-5,5,0.119
dps,local beta_maleage515_edu = 0,preday,TRUE,5.299706126,3.299706126,7.299706126,0
dps,local beta_maleage515_shop = -0.871,preday,TRUE,-3.487335255,-5.487335255,-1.487335255,-0.871
dps,local beta_maleage515_others = 0.482,preday,TRUE,-3.563414198,-5.563414198,-1.563414198,0.482
dps,local beta_femalenone_work = -0.528,preday,TRUE,2.064658121,-5,5,-0.528
dps,local beta_femalenone_edu = 0,preday,TRUE,-3.995550483,-5.995550483,-1.995550483,0
dps,local beta_femalenone_shop = 0.618,preday,TRUE,3.318251902,1.318251902,5.318251902,0.618
dps,local beta_femalenone_others = -0.318,preday,TRUE,-0.318,-0.318,-0.318,-0.318
dps,local beta_femaleage4_work = 0.382,preday,TRUE,-3.84800245,-5,5,0.382
dps,local beta_femaleage4_edu = 0,preday,TRUE,1.645077027,-0.354922973,3.645077027,0
dps,local beta_femaleage4_shop = 0.132,preday,TRUE,-1.176802512,-3.176802512,0.823197488,0.132
dps,local beta_femaleage4_others = 0.242,preday,TRUE,-1.557051647,-3.557051647,0.442948353,0.242
dps,local beta_femaleage515_work = -0.343,preday,TRUE,-1.347404106,-5,5,-0.343
dps,local beta_femaleage515_edu = 0,preday,TRUE,6.417876317,4.417876317,8.417876317,0
dps,local beta_femaleage515_shop = 0.391,preday,TRUE,-5.325430302,-7.325430302,-3.325430302,0.391
dps,local beta_femaleage515_others = 0.285,preday,TRUE,-13.15500814,-15.15500814,-11.15500814,0.285
dps,local beta_onlyadults_work = 0.372,preday,TRUE,0.372,-5,5,0.372
dps,local beta_onlyadults_edu = 0,preday,TRUE,-8.477074727,-10.47707473,-6.477074727,0
dps,local beta_onlyadults_shop = -0.173,preday,TRUE,-4.713273365,-6.713273365,-2.713273365,-0.173
dps,local beta_onlyadults_others = -0.158,preday,TRUE,-0.158,-0.158,-0.158,-0.158
dps,local beta_onlyworkers_work = -0.235,preday,TRUE,-1,-5,5,-0.235
dps,local beta_onlyworkers_edu = 0,preday,TRUE,0,0,0,0
dps,local beta_onlyworkers_shop = 0.0257,preday,TRUE,-0.799810264,-2.799810264,1.200189736,0.0257
dps,local beta_onlyworkers_others = 0.408,preday,TRUE,0.408,0.408,0.408,0.408
dps,local beta_income_work = 0.413,preday,TRUE,-2.544376176,-5,5,0.413
dps,local beta_income_edu = 0,preday,TRUE,-1.546794347,-3.546794347,0.453205653,0
dps,local beta_income_shop = 0.147,preday,TRUE,0.271673365,-1.728326635,2.271673365,0.147
dps,local beta_income_others = 0.104,preday,TRUE,1.780522519,-0.219477481,3.780522519,0.104
dps,local beta_missingincome_work = 0,preday,TRUE,-0.641218323,-5,5,0
dps,local beta_missingincome_edu = 0,preday,TRUE,-3.856200439,-5.856200439,-1.856200439,0
dps,local beta_missingincome_shop = 0.459,preday,TRUE,5.414175698,3.414175698,7.414175698,0.459
dps,local beta_missingincome_others = 0.544,preday,TRUE,-5.869211751,-7.869211751,-3.869211751,0.544
dps,local beta_workathome_work = 0,preday,TRUE,0,0,0,0
dps,local beta_workathome_edu = 0,preday,TRUE,0,0,0,0
dps,local beta_workathome_shop = 0,preday,TRUE,0,0,0,0
dps,local beta_workathome_others = 0,preday,TRUE,0,0,0,0
dps,local beta_zero_car_work = 0,preday,TRUE,4.144961957,2.144961957,6.144961957,0
dps,local beta_zero_car_edu = 0,preday,TRUE,0,0,0,0
dps,local beta_zero_car_shop = 0,preday,TRUE,0,0,0,0
dps,local beta_zero_car_others = 0,preday,TRUE,-2.317477824,-4.317477824,-0.317477824,0
dps,local beta_one_car_work = -1.49,preday,TRUE,0.914451333,-5,5,-1.49
dps,local beta_one_car_edu = 0,preday,TRUE,-1.656247828,-3.656247828,0.343752172,0
dps,local beta_one_car_shop = 0.429,preday,TRUE,9.7288217,7.7288217,11.7288217,0.429
dps,local beta_one_car_others = 1.49,preday,TRUE,2.771633095,0.771633095,4.771633095,1.49
dps,local beta_twoplus_car_work = 1.48,preday,TRUE,-2.173443568,-5,5,1.48
dps,local beta_twoplus_car_edu = 0,preday,TRUE,-4.381607642,-6.381607642,-2.381607642,0
dps,local beta_twoplus_car_shop = 0.262,preday,TRUE,0.262,0.262,0.262,0.262
dps,local beta_twoplus_car_others = 1.48,preday,TRUE,1.48,1.48,1.48,1.48
dps,local beta_motoravail_work = -0.485,preday,TRUE,-0.159615684,-2.159615684,1.840384316,-0.485
dps,local beta_motoravail_edu = 0,preday,TRUE,-3.947422128,-5.947422128,-1.947422128,0
dps,local beta_motoravail_shop = -0.0377,preday,TRUE,-0.0377,-0.0377,-0.0377,-0.0377
dps,local beta_motoravail_others = -0.0091,preday,TRUE,-2.919018783,-4.919018783,-0.919018783,-0.0091
dps,local beta_onestop = 0,preday,TRUE,-3.675494971,-5.675494971,-1.675494971,0
dps,local beta_twostop = 0,preday,TRUE,0,0,0,0
dps,local beta_work_logsum = 0.2,preday,TRUE,0.269638897,-1.730361103,2.269638897,0.2
dps,local beta_edu_logsum = 0,preday,TRUE,0.90297138,-1.09702862,2.90297138,0
dps,local beta_shopping_logsum = 0,preday,TRUE,-3.238291243,-5.238291243,-1.238291243,0
dps,local beta_other_logsum = 0,preday,TRUE,-3.831970171,-5.831970171,-1.831970171,0
dps,local beta_workedu_ss = 0,preday,TRUE,1.771427577,-0.228572423,3.771427577,0
dps,local beta_workshop_ss = 0,preday,TRUE,3.255003364,1.255003364,5.255003364,0
dps,local beta_workothers_ss = 4.08,preday,TRUE,3.689235153,1.689235153,5.689235153,4.08
dps,local beta_edushop_ss = 0,preday,TRUE,-3.743315047,-5.743315047,-1.743315047,0
dps,local beta_eduothers_ss = 0.986,preday,TRUE,2.504308766,0.504308766,4.504308766,0.986
dps,local beta_shopothers_ss = 0,preday,TRUE,0,0,0,0
dpt,local beta_tour_work = 12.375,preday,TRUE,-2.806280861,-10,10,12.375
dpt,local beta_tour_edu = 12.375,preday,TRUE,12.375,12.375,12.375,12.375
dpt,local beta_tour_shop = -2,preday,TRUE,-8.477897093,-10.47789709,-6.477897093,-2
dpt,local beta_tour_others = -2.7,preday,TRUE,-4.827579711,-6.827579711,-2.827579711,-2.7
dpt,local beta_workshop_tt = 2.52,preday,TRUE,1.53310971,-5,5,2.52
dpt,local beta_workothers_tt = 2.99,preday,TRUE,0.870994132,-5,5,2.99
dpt,local beta_edushop_tt = 0,preday,TRUE,0,0,0,0
dpt,local beta_eduothers_tt = -0.375,preday,TRUE,2.510617443,0.510617443,4.510617443,-0.375
dpt,local beta_shopothers_tt = 0.355,preday,TRUE,0.149535073,-1.850464927,2.149535073,0.355
dpt,local beta_workedu_tt = -3.82,preday,TRUE,-5.502586833,-7.502586833,-3.502586833,-3.82
dpt,local beta_workshopother_tt = -3.29,preday,TRUE,-7.811111446,-9.811111446,-5.811111446,-3.29
dpt,local beta_parttime_work = -999,preday,TRUE,-999,-999,-999,-999
dpt,local beta_parttime_edu = 0,preday,TRUE,0,0,0,0
dpt,local beta_parttime_shop = 0,preday,TRUE,0,0,0,0
dpt,local beta_parttime_others = 0,preday,TRUE,0,0,0,0
dpt,local beta_selfemployed_work = -999,preday,TRUE,-999,-999,-999,-999
dpt,local beta_selfemployed_edu = 0,preday,TRUE,0,0,0,0
dpt,local beta_selfemployed_shop = 0,preday,TRUE,0,0,0,0
dpt,local beta_selfemployed_others = 0,preday,TRUE,0,0,0,0
dpt,local beta_universitystudent_work = -999,preday,TRUE,-1,-3,1,-999
dpt,local beta_universitystudent_edu = 0,preday,TRUE,3.504999204,1.504999204,5.504999204,0
dpt,local beta_universitystudent_shop = 0,preday,TRUE,-2.025537615,-4.025537615,-0.025537615,0
dpt,local beta_universitystudent_others = 2.59,preday,TRUE,-1.810430017,-3.810430017,0.189569983,2.59
dpt,local beta_homemaker_work = -999,preday,TRUE,-999,-999,-999,-999
dpt,local beta_homemaker_edu = 0,preday,TRUE,0,0,0,0
dpt,local beta_homemaker_shop = 0,preday,TRUE,0,0,0,0
dpt,local beta_homemaker_others = 0,preday,TRUE,0,0,0,0
dpt,local beta_retired_work = -999,preday,TRUE,-8,-10,10,-999
dpt,local beta_retired_edu = 0,preday,TRUE,0,-2,2,0
dpt,local beta_retired_shop = 4.41,preday,TRUE,4.562238239,2.562238239,6.562238239,4.41
dpt,local beta_retired_others = 7.23,preday,TRUE,5.566346887,3.566346887,7.566346887,7.23
dpt,local beta_unemployed_work = -999,preday,TRUE,-999,-999,-999,-999
dpt,local beta_unemployed_edu = 0,preday,TRUE,-1.204414167,-3.204414167,0.795585833,0
dpt,local beta_unemployed_shop = 4.56,preday,TRUE,2.438621669,0.438621669,4.438621669,4.56
dpt,local beta_unemployed_others = 7.41,preday,TRUE,-0.127886772,-2.127886772,1.872113228,7.41
dpt,local beta_nationalservice_work = -999,preday,TRUE,-999,-999,-999,-999
dpt,local beta_nationalservice_edu = 0,preday,TRUE,0,0,0,0
dpt,local beta_nationalservice_shop = 0,preday,TRUE,0,0,0,0
dpt,local beta_nationalservice_others = 0,preday,TRUE,0,0,0,0
dpt,local beta_voluntary_work = -999,preday,TRUE,-999,-999,-999,-999
dpt,local beta_voluntary_edu = 0,preday,TRUE,0,0,0,0
dpt,local beta_voluntary_shop = 0,preday,TRUE,0,0,0,0
dpt,local beta_voluntary_others = 0,preday,TRUE,0,0,0,0
dpt,local beta_domestic_work= -999,preday,TRUE,-999,-999,-999,-999
dpt,local beta_domestic_edu = 0,preday,TRUE,0,0,0,0
dpt,local beta_domestic_shop = 0,preday,TRUE,0,0,0,0
dpt,local beta_domestic_others = 0,preday,TRUE,0,0,0,0
dpt,local beta_otherworker_work = -999,preday,TRUE,-999,-999,-999,-999
dpt,local beta_otherworker_edu = 0,preday,TRUE,0,0,0,0
dpt,local beta_otherworker_shop = 0,preday,TRUE,0,0,0,0
dpt,local beta_otherworker_others = 0,preday,TRUE,0,0,0,0
dpt,local beta_student16_work = -999,preday,TRUE,-999,-999,-999,-999
dpt,local beta_student16_edu = 0,preday,TRUE,-2.211767367,-4.211767367,-0.211767367,0
dpt,local beta_student16_shop = 1.56,preday,TRUE,4.4529962,2.4529962,6.4529962,1.56
dpt,local beta_student16_others = 3.75,preday,TRUE,6.694158639,4.694158639,8.694158639,3.75
dpt,local beta_student515_work = -999,preday,TRUE,-999,-999,-999,-999
dpt,local beta_student515_edu = 0,preday,TRUE,0.397979435,-1.602020565,2.397979435,0
dpt,local beta_student515_shop = 0.458,preday,TRUE,0.458,0.458,0.458,0.458
dpt,local beta_student515_others = 4.30,preday,TRUE,4.3,4.3,4.3,4.3
dpt,local beta_child4_work = -999,preday,TRUE,0,-5,5,-999
dpt,local beta_child4_edu = 0,preday,TRUE,3.59097579,1.59097579,5.59097579,0
dpt,local beta_child4_shop = 0,preday,TRUE,0.201832088,-1.798167912,2.201832088,0
dpt,local beta_child4_others = 0,preday,TRUE,3.380498732,1.380498732,5.380498732,0
dpt,local beta_age2025_work = 0.189,preday,TRUE,-0.771003948,-5,5,0.189
dpt,local beta_age2025_edu = 0,preday,TRUE,0,0,0,0
dpt,local beta_age2025_shop = -1.05,preday,TRUE,-5.2125495,-7.2125495,-3.2125495,-1.05
dpt,local beta_age2025_others = 0.0439,preday,TRUE,0.0439,0.0439,0.0439,0.0439
dpt,local beta_age2635_work = 0.769,preday,TRUE,0.769,-5,5,0.769
dpt,local beta_age2635_edu = 0,preday,TRUE,6.614025337,4.614025337,8.614025337,0
dpt,local beta_age2635_shop = 0.866,preday,TRUE,-0.311010756,-2.311010756,1.688989244,0.866
dpt,local beta_age2635_others = 0,preday,TRUE,0,0,0,0
dpt,local beta_age5165_work = 0,preday,TRUE,0,-5,5,0
dpt,local beta_age5165_edu = 0,preday,TRUE,-3.167994451,-5.167994451,-1.167994451,0
dpt,local beta_age5165_shop = 0,preday,TRUE,1.088389424,-0.911610576,3.088389424,0
dpt,local beta_age5165_others = 0,preday,TRUE,1.363629203,-0.636370797,3.363629203,0
dpt,local beta_maleage4_work = 0.563,preday,TRUE,7.038249681,-5,5,0.563
dpt,local beta_maleage4_edu = 0,preday,TRUE,0.835858875,-1.164141125,2.835858875,0
dpt,local beta_maleage4_shop = 0.777,preday,TRUE,7.006714927,5.006714927,9.006714927,0.777
dpt,local beta_maleage4_others = 0.910,preday,TRUE,0.91,0.91,0.91,0.91
dpt,local beta_maleage515_work = -0.0965,preday,TRUE,-2.713908965,-5,5,-0.0965
dpt,local beta_maleage515_edu = 0,preday,TRUE,1.278246566,-0.721753434,3.278246566,0
dpt,local beta_maleage515_shop = -0.472,preday,TRUE,7.810321264,5.810321264,9.810321264,-0.472
dpt,local beta_maleage515_others = 0.519,preday,TRUE,-3.195500521,-5.195500521,-1.195500521,0.519
dpt,local beta_femalenone_work = -0.529,preday,TRUE,-1.386321622,-5,5,-0.529
dpt,local beta_femalenone_edu = 0,preday,TRUE,-5.454244514,-7.454244514,-3.454244514,0
dpt,local beta_femalenone_shop = 0.627,preday,TRUE,0.748125348,-1.251874652,2.748125348,0.627
dpt,local beta_femalenone_others = -0.650,preday,TRUE,-0.65,-0.65,-0.65,-0.65
dpt,local beta_femaleage4_work = -1.13,preday,TRUE,0.41699499,-5,5,-1.13
dpt,local beta_femaleage4_edu = 0,preday,TRUE,-3.416642907,-5.416642907,-1.416642907,0
dpt,local beta_femaleage4_shop = 0.553,preday,TRUE,3.674735273,1.674735273,5.674735273,0.553
dpt,local beta_femaleage4_others = -0.149,preday,TRUE,-0.502288171,-2.502288171,1.497711829,-0.149
dpt,local beta_femaleage515_work = -0.531,preday,TRUE,0.379160227,-5,5,-0.531
dpt,local beta_femaleage515_edu = 0,preday,TRUE,4.049099011,2.049099011,6.049099011,0
dpt,local beta_femaleage515_shop = 0.564,preday,TRUE,-5.100951177,-7.100951177,-3.100951177,0.564
dpt,local beta_femaleage515_others = 0.192,preday,TRUE,2.531685455,0.531685455,4.531685455,0.192
dpt,local beta_onlyadults_work = 1,preday,TRUE,2.312410193,-5,5,1
dpt,local beta_onlyadults_edu = 0,preday,TRUE,2,0,4,0
dpt,local beta_onlyadults_shop = -0.354,preday,TRUE,1.676672006,-0.323327994,3.676672006,-0.354
dpt,local beta_onlyadults_others = 0.174,preday,TRUE,-0.168118986,-2.168118986,1.831881014,0.174
dpt,local beta_onlyworkers_work = 1.97,preday,TRUE,-1,-5,5,1.97
dpt,local beta_onlyworkers_edu = 0,preday,TRUE,0,0,0,0
dpt,local beta_onlyworkers_shop = -0.0820,preday,TRUE,-0.082,-0.082,-0.082,-0.082
dpt,local beta_onlyworkers_others = 0.688,preday,TRUE,-7.168498617,-9.168498617,-5.168498617,0.688
dpt,local beta_income_work = 1.51,preday,TRUE,1.51,-5,5,1.51
dpt,local beta_income_edu = 0,preday,TRUE,4.510756942,2.510756942,6.510756942,0
dpt,local beta_income_shop = -0.781,preday,TRUE,-0.778851764,-2.778851764,1.221148236,-0.781
dpt,local beta_income_others = -0.573,preday,TRUE,-0.573,-0.573,-0.573,-0.573
dpt,local beta_missingincome_work = 5.52,preday,TRUE,5.52,-5,5,5.52
dpt,local beta_missingincome_edu = 0,preday,TRUE,-2.450274169,-4.450274169,-0.450274169,0
dpt,local beta_missingincome_shop = -0.550,preday,TRUE,-0.79069455,-2.79069455,1.20930545,-0.55
dpt,local beta_missingincome_others = 2.58,preday,TRUE,2.58,2.58,2.58,2.58
dpt,local beta_workathome_work = -999,preday,TRUE,-999,-999,-999,-999
dpt,local beta_workathome_edu = 0,preday,TRUE,-999,-999,-999,0
dpt,local beta_workathome_shop = 0,preday,TRUE,0,0,0,0
dpt,local beta_workathome_others = 0,preday,TRUE,-999,-999,-999,0
dpt,local beta_zero_car_work = 0,preday,TRUE,-5.162955274,-8,5,0
dpt,local beta_zero_car_edu = 0,preday,TRUE,0.67363948,-1.32636052,2.67363948,0
dpt,local beta_zero_car_shop = 0,preday,TRUE,-4.301566014,-6.301566014,-2.301566014,0
dpt,local beta_zero_car_others = 0,preday,TRUE,5.998154867,3.998154867,7.998154867,0
dpt,local beta_one_car_work = 1,preday,TRUE,11.38724769,-10,10,1
dpt,local beta_one_car_edu = 0,preday,TRUE,0.444131053,-1.555868947,2.444131053,0
dpt,local beta_one_car_shop = 1.69,preday,TRUE,-5.480553969,-7.480553969,-3.480553969,1.69
dpt,local beta_one_car_others = 1.56,preday,TRUE,1.56,1.56,1.56,1.56
dpt,local beta_twoplus_car_work = 1,preday,TRUE,1,-3,3,1
dpt,local beta_twoplus_car_edu = 0,preday,TRUE,0,0,0,0
dpt,local beta_twoplus_car_shop = 1.32,preday,TRUE,2.988004344,0.988004344,4.988004344,1.32
dpt,local beta_twoplus_car_others = 1.71,preday,TRUE,-1.298010105,-3.298010105,0.701989895,1.71
dpt,local beta_motoravail_work = 1.15,preday,TRUE,4.106656549,2.106656549,6.106656549,1.15
dpt,local beta_motoravail_edu = 0,preday,TRUE,0.306956158,-1.693043842,2.306956158,0
dpt,local beta_motoravail_shop = 0.896,preday,TRUE,5.224670955,3.224670955,7.224670955,0.896
dpt,local beta_motoravail_others = 0.682,preday,TRUE,0.682,0.682,0.682,0.682
dpt,local beta_onetour = 0,preday,TRUE,-9.18616051,-11.18616051,-7.18616051,0
dpt,local beta_twotour = -4.0,preday,TRUE,-4,-4,-4,-4
dpt,local beta_threetour = -4.5,preday,TRUE,-4.5,-4.5,-4.5,-4.5
dpt,local beta_work_logsum = 0.30,preday,TRUE,1.428300829,-0.571699171,3.428300829,0.3
dpt,local beta_edu_logsum = 0,preday,TRUE,-0.425629338,-2.425629338,1.574370662,0
dpt,local beta_shopping_logsum = 0.262,preday,TRUE,7.391759433,5.391759433,9.391759433,0.262
dpt,local beta_other_logsum = 0.301,preday,TRUE,-5.405426709,-7.405426709,-3.405426709,0.301
imd,local beta_cost_bus_mrt_2 = -0.438,preday,TRUE,0,0,0,-0.438
imd,local beta_cost_Rail_SMS_2 = -0.438,preday,TRUE,0,0,0,-0.438
imd,local beta_cost_Rail_SMS_Pool_2 = -0.438,preday,TRUE,0,0,0,-0.438
imd,local beta_cost_private_bus_2 = -0.850,preday,TRUE,0,0,0,-0.85
imd,local beta_cost_drive1_2_first = -0.9,preday,TRUE,0,0,0,-0.9
imd,local beta_cost_drive1_2_second = 0.0598,preday,TRUE,0,0,0,0.0598
imd,local beta_cost_share2_2 = 0,preday,TRUE,0,0,0,0
imd,local beta_cost_share3_2 = 0,preday,TRUE,0,0,0,0
imd,local beta_cost_motor_2 = -0.338,preday,TRUE,0,0,0,-0.338
imd,local beta_cost_taxi_2 = 0,preday,TRUE,0,0,0,0
imd,local beta_cost_SMS_2 = 0,preday,TRUE,0,0,0,0
imd,local beta_cost_SMS_Pool_2 = 0,preday,TRUE,0,0,0,0
imd,local beta_tt_bus_mrt = -3.75,preday,TRUE,0,0,0,-3.75
imd,local beta_tt_Rail_SMS = -3.75,preday,TRUE,0,0,0,-3.75
imd,local beta_tt_Rail_SMS_Pool = -3.75,preday,TRUE,0,0,0,-3.75
imd,local beta_tt_private_bus = -4.22,preday,TRUE,0,0,0,-4.22
imd,local beta_tt_drive1_first = -8,preday,TRUE,0,0,0,-8
imd,local beta_tt_drive1_second = -9,preday,TRUE,0,0,0,-9
imd,local beta_tt_share2= 0,preday,TRUE,0,0,0,0
imd,local beta_tt_share3= 0,preday,TRUE,0,0,0,0
imd,local beta_tt_motor = 0,preday,TRUE,0,0,0,0
imd,local beta_tt_walk = 0,preday,TRUE,0,0,0,0
imd,local beta_tt_taxi_first = -5.63,preday,TRUE,0,0,0,-5.63
imd,local beta_tt_taxi_second = -5.79,preday,TRUE,0,0,0,-5.79
imd,local beta_tt_SMS_first = -5.63,preday,TRUE,0,0,0,-5.63
imd,local beta_tt_SMS_second = -5.79,preday,TRUE,0,0,0,-5.79
imd,local beta_tt_SMS_Pool_first = -5.63,preday,TRUE,0,0,0,-5.63
imd,local beta_tt_SMS_Pool_second = -5.79,preday,TRUE,0,0,0,-5.79
imd,local beta_work = 0.567,preday,TRUE,0,0,0,0.567
imd,local beta_shop = 0.979,preday,TRUE,0,0,0,0.979
imd,local beta_central_bus_mrt = 0.172,preday,TRUE,0,0,0,0.172
imd,local beta_central_Rail_SMS = 0.172,preday,TRUE,0,0,0,0.172
imd,local beta_central_Rail_SMS_Pool = 0.172,preday,TRUE,0,0,0,0.172
imd,local beta_central_private_bus = 0.175,preday,TRUE,0,0,0,0.175
imd,local beta_central_drive1 = 0,preday,TRUE,0,0,0,0
imd,local beta_central_share2 = -0.0332,preday,TRUE,0,0,0,-0.0332
imd,local beta_central_share3 = 0.221,preday,TRUE,0,0,0,0.221
imd,local beta_central_motor = 0.180,preday,TRUE,0,0,0,0.18
imd,local beta_central_walk = 0,preday,TRUE,0,0,0,0
imd,local beta_central_taxi = 1.07,preday,TRUE,0,0,0,1.07
imd,local beta_central_SMS = 1.07,preday,TRUE,0,0,0,1.07
imd,local beta_central_SMS_Pool = 1.07,preday,TRUE,0,0,0,1.07
imd,local beta_distance_bus_mrt = 0.0112,preday,TRUE,0,0,0,0.0112
imd,local beta_distance_Rail_SMS = 0.0112,preday,TRUE,0,0,0,0.0112
imd,local beta_distance_Rail_SMS_Pool = 0.0112,preday,TRUE,0,0,0,0.0112
imd,local beta_distance_private_bus = 0.0189,preday,TRUE,0,0,0,0.0189
imd,local beta_distance_drive1 = -0.0229,preday,TRUE,0,0,0,-0.0229
imd,local beta_distance_share2 = -0.0229,preday,TRUE,0,0,0,-0.0229
imd,local beta_distance_share3 = -0.0173,preday,TRUE,0,0,0,-0.0173
imd,local beta_distance_motor = 0.00259,preday,TRUE,0,0,0,0.00259
imd,local beta_distance_walk = 0,preday,TRUE,0,0,0,0
imd,local beta_distance_taxi = 0.000622,preday,TRUE,0,0,0,6.22E-04
imd,local beta_distance_SMS = 0.000622,preday,TRUE,0,0,0,6.22E-04
imd,local beta_distance_SMS_Pool = 0.000622,preday,TRUE,0,0,0,6.22E-04
imd,local beta_cons_bus = 4.479,preday,TRUE,0,0,0,4.479
imd,local beta_cons_mrt = 4.383,preday,TRUE,0,0,0,4.383
imd,local beta_cons_Rail_SMS = -9.235,preday,TRUE,0,0,0,-9.235
imd,local beta_cons_Rail_SMS_Pool = -14.168,preday,TRUE,0,0,0,-14.168
imd,local beta_cons_private_bus = 3.072,preday,TRUE,0,0,0,3.072
imd,local beta_cons_drive1 = 4,preday,TRUE,0,0,0,4
imd,local beta_cons_share2 = 5,preday,TRUE,0,0,0,5
imd,local beta_cons_share3 = 5,preday,TRUE,0,0,0,5
imd,local beta_cons_motor = 1.698,preday,TRUE,0,0,0,1.698
imd,local beta_cons_walk = -99.128,preday,TRUE,0,0,0,-99.128
imd,local beta_cons_taxi = -4.128,preday,TRUE,0,0,0,-4.128
imd,local beta_cons_SMS = -4.628,preday,TRUE,0,0,0,-4.628
imd,local beta_cons_SMS_Pool = -7.235,preday,TRUE,0,0,0,-7.235
imd,local beta_zero_drive1 = 0,preday,TRUE,0,0,0,0
imd,local beta_oneplus_drive1 = 3.83,preday,TRUE,0,0,0,3.83
imd,local beta_twoplus_drive1 = 0.0514,preday,TRUE,0,0,0,0.0514
imd,local beta_threeplus_drive1 = 0,preday,TRUE,0,0,0,0
imd,local beta_zero_share2 = 0,preday,TRUE,0,0,0,0
imd,local beta_oneplus_share2 = 2.17,preday,TRUE,0,0,0,2.17
imd,local beta_twoplus_share2 = 0,preday,TRUE,0,0,0,0
imd,local beta_threeplus_share2 = 0,preday,TRUE,0,0,0,0
imd,local beta_zero_share3 = 0,preday,TRUE,0,0,0,0
imd,local beta_oneplus_share3 = 2.26,preday,TRUE,0,0,0,2.26
imd,local beta_twoplus_share3 = 0,preday,TRUE,0,0,0,0
imd,local beta_threeplus_share3 = 0,preday,TRUE,0,0,0,0
imd,local beta_zero_motor = 0,preday,TRUE,0,0,0,0
imd,local beta_oneplus_motor = 4.82,preday,TRUE,0,0,0,4.82
imd,local beta_twoplus_motor = 0,preday,TRUE,0,0,0,0
imd,local beta_threeplus_motor = 0,preday,TRUE,0,0,0,0
imd,local beta_female_bus = 0.568,preday,TRUE,0,0,0,0.568
imd,local beta_female_mrt = 0.622,preday,TRUE,0,0,0,0.622
imd,local beta_female_Rail_SMS = 0.622,preday,TRUE,0,0,0,0.622
imd,local beta_female_Rail_SMS_Pool = 0.622,preday,TRUE,0,0,0,0.622
imd,local beta_female_private_bus = 1.45,preday,TRUE,0,0,0,1.45
imd,local beta_female_drive1 = 0,preday,TRUE,0,0,0,0
imd,local beta_female_share2 = 0.393,preday,TRUE,0,0,0,0.393
imd,local beta_female_share3 = 0.162,preday,TRUE,0,0,0,0.162
imd,local beta_female_motor = 0.283,preday,TRUE,0,0,0,0.283
imd,local beta_female_taxi = 1.40,preday,TRUE,0,0,0,1.4
imd,local beta_female_SMS = 1.40,preday,TRUE,0,0,0,1.4
imd,local beta_female_SMS_Pool = 1.40,preday,TRUE,0,0,0,1.4
imd,local beta_female_walk = 0,preday,TRUE,0,0,0,0
tmdo,local beta_cost_bus_mrt_1 = 0,preday,TRUE,0,0,0,0
tmdo,local beta_cost_private_bus_1 = -999,preday,TRUE,-999,-999,-999,-999
tmdo,local beta_cost_drive1_1 = -10,preday,TRUE,-10,-15,0,-10
tmdo,local beta_cost_share2_1 = -11,preday,TRUE,-11,-15,0,-11
tmdo,local beta_cost_share3_1 = -11,preday,TRUE,-11,-15,0,-11
tmdo,local beta_cost_motor_1 = 0,preday,TRUE,0,-2,2,0
tmdo,local beta_cost_taxi_1 = 0,preday,TRUE,0,0,0,0
tmdo,local beta_cost_SMS_1 = 0,preday,TRUE,0,0,0,0
tmdo,local beta_cost_Rail_SMS_1 = 0,preday,TRUE,0,0,0,0
tmdo,local beta_cost_SMS_Pool_1 = 0,preday,TRUE,0,0,0,0
tmdo,local beta_cost_Rail_SMS_Pool_1 = 0,preday,TRUE,0,0,0,0
tmdo,local beta_cost_bus_mrt_2 = 3,preday,TRUE,0,0,0,3
tmdo,local beta_cost_private_bus_2 = -999,preday,TRUE,-999,-999,-999,-999
tmdo,local beta_cost_drive1_2 = -7,preday,TRUE,-7,-15,0,-7
tmdo,local beta_cost_share2_2 = -8,preday,TRUE,0,-15,0,-8
tmdo,local beta_cost_share3_2 = -8,preday,TRUE,0,-15,0,-8
tmdo,local beta_cost_motor_2 = 0,preday,TRUE,0,-2,2,0
tmdo,local beta_cost_taxi_2 = 0,preday,TRUE,0,0,0,0
tmdo,local beta_cost_SMS_2 = 0,preday,TRUE,0,0,0,0
tmdo,local beta_cost_Rail_SMS_2 = -0.346,preday,TRUE,-0.346,-0.346,-0.346,-0.346
tmdo,local beta_cost_SMS_Pool_2 = 0,preday,TRUE,0,0,0,0
tmdo,local beta_cost_Rail_SMS_Pool_2 = -0.346,preday,TRUE,-0.346,-0.346,-0.346,-0.346
tmdo,local beta_tt_bus_mrt = -0.1,preday,TRUE,-0.1,-15,0,-0.1
tmdo,local beta_tt_private_bus =  -999,preday,TRUE,-999,-999,-999,-999
tmdo,local beta_tt_drive1 =  -8,preday,TRUE,-8,-15,0,-8
tmdo,local beta_tt_share2 = -10,preday,TRUE,-10,-15,0,-10
tmdo,local beta_tt_share3 = -11,preday,TRUE,-11,-15,0,-11
tmdo,local beta_tt_motor = -0.199,preday,TRUE,-0.199,-2.199,1.801,-0.199
tmdo,local beta_tt_walk = -4,preday,TRUE,-4,-5,0,-4
tmdo,local beta_tt_taxi = -1.61,preday,TRUE,-1.61,-1.61,-1.61,-1.61
tmdo,local beta_tt_SMS = -1.61,preday,TRUE,-1.61,-1.61,-1.61,-1.61
tmdo,local beta_tt_Rail_SMS = -2.44,preday,TRUE,-2.44,-2.44,-2.44,-2.44
tmdo,local beta_tt_SMS_Pool = -1.61,preday,TRUE,-1.61,-1.61,-1.61,-1.61
tmdo,local beta_tt_Rail_SMS_Pool = -2.44,preday,TRUE,-2.44,-2.44,-2.44,-2.44
tmdo,local beta_log = 0.234,preday,TRUE,0.234,-1.766,2.234,0.234
tmdo,local beta_area = 0,preday,TRUE,0,-2,2,0
tmdo,local beta_population = -6.78,preday,TRUE,-6.78,-2,2,-6.78
tmdo,local beta_central_bus_mrt = 3,preday,TRUE,3,0,10,3
tmdo,local beta_central_private_bus = -999,preday,TRUE,-999,-999,-999,-999
tmdo,local beta_central_drive1 = 0,preday,TRUE,0,-15,0,0
tmdo,local beta_central_share2 = -0.5,preday,TRUE,-0.5,-15,0,-0.5
tmdo,local beta_central_share3 = -0.8,preday,TRUE,-0.8,-15,0,-0.8
tmdo,local beta_central_motor = 0.273,preday,TRUE,0.273,-1.727,2.273,0.273
tmdo,local beta_central_walk = -0.5,preday,TRUE,-0.5,-10,10,-0.5
tmdo,local beta_central_taxi = 1.41,preday,TRUE,1.41,1.41,1.41,1.41
tmdo,local beta_central_SMS = 1.41,preday,TRUE,1.41,1.41,1.41,1.41
tmdo,local beta_central_Rail_SMS = 0.765,preday,TRUE,0.765,0.765,0.765,0.765
tmdo,local beta_central_SMS_Pool = 1.41,preday,TRUE,1.41,1.41,1.41,1.41
tmdo,local beta_central_Rail_SMS_Pool = 0.765,preday,TRUE,0.765,0.765,0.765,0.765
tmdo,local beta_distance_bus_mrt = 0,preday,TRUE,0,-15,2,0
tmdo,local beta_distance_private_bus = -999,preday,TRUE,-999,-999,-999,-999
tmdo,local beta_distance_drive1 = -3,preday,TRUE,-3,-15,0,-3
tmdo,local beta_distance_share2 = -3.5,preday,TRUE,-3.5,-15,0,-3.5
tmdo,local beta_distance_share3 = -3.5,preday,TRUE,-3.5,-15,0,-3.5
tmdo,local beta_distance_motor = 0.0521,preday,TRUE,0.0521,-1.9479,2.0521,0.0521
tmdo,local beta_distance_walk = -3,preday,TRUE,-3,-8,8,-3
tmdo,local beta_distance_taxi = -0.0260,preday,TRUE,-0.026,-0.026,-0.026,-0.026
tmdo,local beta_distance_SMS = -0.0260,preday,TRUE,-0.026,-0.026,-0.026,-0.026
tmdo,local beta_distance_Rail_SMS = 0.0504,preday,TRUE,0.0504,0.0504,0.0504,0.0504
tmdo,local beta_distance_SMS_Pool = -0.0260,preday,TRUE,-0.026,-0.026,-0.026,-0.026
tmdo,local beta_distance_Rail_SMS_Pool = 0.0504,preday,TRUE,0.0504,0.0504,0.0504,0.0504
tmdo,local beta_cons_bus = 10,preday,TRUE,10,-5,15,10
tmdo,local beta_cons_mrt = 4.8,preday,TRUE,4.8,2.8,6.8,4.8
tmdo,local beta_cons_private_bus = -999,preday,TRUE,-999,-999,-999,-999
tmdo,local beta_cons_drive1 = -3,preday,TRUE,-3,-5,-1,-3
tmdo,local beta_cons_share2 = -4,preday,TRUE,-4,-6,-2,-4
tmdo,local beta_cons_share3 = -2,preday,TRUE,-2,-4,0,-2
tmdo,local beta_cons_motor = 8.120,preday,TRUE,8.12,6.12,10.12,8.12
tmdo,local beta_cons_walk = -1,preday,TRUE,-1,-8,8,-1
tmdo,local beta_cons_taxi = 1.925,preday,TRUE,1.925,1.925,1.925,1.925
tmdo,local beta_cons_SMS = 1,preday,TRUE,1,1,1,1
tmdo,local beta_cons_Rail_SMS = 3,preday,TRUE,3,3,3,3
tmdo,local beta_cons_SMS_Pool = 0.4,preday,TRUE,0.4,0.4,0.4,0.4
tmdo,local beta_cons_Rail_SMS_Pool = 0.3,preday,TRUE,0.3,0.3,0.3,0.3
tmdo,local beta_zero_bus = 0,preday,TRUE,0,-2,2,0
tmdo,local beta_oneplus_bus = -0.1,preday,TRUE,-0.1,-2.1,1.9,-0.1
tmdo,local beta_twoplus_bus = -0.2,preday,TRUE,-0.2,-2.2,1.8,-0.2
tmdo,local beta_threeplus_bus = 0,preday,TRUE,0,-2,2,0
tmdo,local beta_zero_mrt= 0,preday,TRUE,0,-2,2,0
tmdo,local beta_oneplus_mrt = -1.01,preday,TRUE,-1.01,-3.01,0.99,-1.01
tmdo,local beta_twoplus_mrt = -0.984,preday,TRUE,-0.984,-2.984,1.016,-0.984
tmdo,local beta_threeplus_mrt = 0,preday,TRUE,0,-2,2,0
tmdo,local beta_zero_privatebus = 0,preday,TRUE,0,0,0,0
tmdo,local beta_oneplus_privatebus =-2.02,preday,TRUE,-2.02,-2.02,-2.02,-2.02
tmdo,local beta_twoplus_privatebus = 0,preday,TRUE,0,0,0,0
tmdo,local beta_threeplus_privatebus = 0,preday,TRUE,0,0,0,0
tmdo,local beta_zero_drive1 = 0,preday,TRUE,0,-2,2,0
tmdo,local beta_oneplus_drive1 = 0,preday,TRUE,0,-2,2,0
tmdo,local beta_twoplus_drive1 = 0.590,preday,TRUE,0.59,-1.41,2.59,0.59
tmdo,local beta_threeplus_drive1 = 0,preday,TRUE,0,-2,2,0
tmdo,local beta_zero_share2 = 0,preday,TRUE,0,-2,2,0
tmdo,local beta_oneplus_share2 = 1.99,preday,TRUE,1.99,-0.01,3.99,1.99
tmdo,local beta_twoplus_share2 = 0,preday,TRUE,0,-2,2,0
tmdo,local beta_threeplus_share2 = 0,preday,TRUE,0,-2,2,0
tmdo,local beta_zero_share3 = 0,preday,TRUE,0,-2,2,0
tmdo,local beta_oneplus_share3 = 1.32,preday,TRUE,1.32,-0.68,3.32,1.32
tmdo,local beta_twoplus_share3 = -0.421,preday,TRUE,-0.421,-2.421,1.579,-0.421
tmdo,local beta_threeplus_share3 = 0,preday,TRUE,0,-2,2,0
tmdo,local beta_zero_car_motor = 0,preday,TRUE,0,-2,2,0
tmdo,local beta_oneplus_car_motor = -1.40,preday,TRUE,-1.4,-3.4,0.6,-1.4
tmdo,local beta_twoplus_car_motor = 0,preday,TRUE,0,-2,2,0
tmdo,local beta_threeplus_car_motor = 0,preday,TRUE,0,-2,2,0
tmdo,local beta_zero_walk = 0,preday,TRUE,0,-2,2,0
tmdo,local beta_oneplus_walk = 0,preday,TRUE,0,-2,2,0
tmdo,local beta_twoplus_walk = 0,preday,TRUE,0,-2,2,0
tmdo,local beta_threeplus_walk = 0,preday,TRUE,0,-2,2,0
tmdo,local beta_zero_taxi = 0,preday,TRUE,0,0,0,0
tmdo,local beta_oneplus_taxi = -1.47,preday,TRUE,-1.47,-1.47,-1.47,-1.47
tmdo,local beta_twoplus_taxi = 0,preday,TRUE,0,0,0,0
tmdo,local beta_threeplus_taxi = 0,preday,TRUE,0,0,0,0
tmdo,local beta_zero_SMS = 0,preday,TRUE,0,0,0,0
tmdo,local beta_oneplus_SMS = -1.47,preday,TRUE,-1.47,-1.47,-1.47,-1.47
tmdo,local beta_twoplus_SMS = 0,preday,TRUE,0,0,0,0
tmdo,local beta_zero_Rail_SMS = 0,preday,TRUE,0,0,0,0
tmdo,local beta_oneplus_Rail_SMS = -1.01,preday,TRUE,-1.01,-1.01,-1.01,-1.01
tmdo,local beta_twoplus_Rail_SMS = -0.984,preday,TRUE,-0.984,-0.984,-0.984,-0.984
tmdo,local beta_zero_SMS_Pool = 0,preday,TRUE,0,0,0,0
tmdo,local beta_oneplus_SMS_Pool = -1.47,preday,TRUE,-1.47,-1.47,-1.47,-1.47
tmdo,local beta_twoplus_SMS_Pool = 0,preday,TRUE,0,0,0,0
tmdo,local beta_zero_Rail_SMS_Pool = 0,preday,TRUE,0,0,0,0
tmdo,local beta_oneplus_Rail_SMS_Pool = -1.01,preday,TRUE,-1.01,-1.01,-1.01,-1.01
tmdo,local beta_twoplus_Rail_SMS_Pool = -0.984,preday,TRUE,-0.984,-0.984,-0.984,-0.984
tmdo,local beta_zero_motor = 0,preday,TRUE,0,-2,2,0
tmdo,local beta_oneplus_motor = 0,preday,TRUE,0,-2,2,0
tmdo,local beta_twoplus_motor = 2.88,preday,TRUE,2.88,0.88,4.88,2.88
tmdo,local beta_threeplus_motor = 0,preday,TRUE,0,-2,2,0
tmdo,local beta_female_bus = 0.919,preday,TRUE,0.919,-1.081,2.919,0.919
tmdo,local beta_female_mrt = 0.996,preday,TRUE,0.996,-1.004,2.996,0.996
tmdo,local beta_female_private_bus = 1.38,preday,TRUE,1.38,1.38,1.38,1.38
tmdo,local beta_female_drive1 = 0,preday,TRUE,0,-2,2,0
tmdo,local beta_female_share2 = 0.536,preday,TRUE,0.536,-1.464,2.536,0.536
tmdo,local beta_female_share3 = 0.870,preday,TRUE,0.87,-1.13,2.87,0.87
tmdo,local beta_female_motor = 0,preday,TRUE,0,-2,2,0
tmdo,local beta_female_taxi = 1.24,preday,TRUE,1.24,1.24,1.24,1.24
tmdo,local beta_female_SMS = 1.24,preday,TRUE,1.24,1.24,1.24,1.24
tmdo,local beta_female_Rail_SMS = 0.996,preday,TRUE,0.996,0.996,0.996,0.996
tmdo,local beta_female_walk = 2.29,preday,TRUE,2.29,0.29,4.29,2.29
tmdo,local beta_female_SMS_Pool = 1.24,preday,TRUE,1.24,1.24,1.24,1.24
tmdo,local beta_female_Rail_SMS_Pool = 0.996,preday,TRUE,0.996,0.996,0.996,0.996
tmds,local beta_cost_bus_mrt_1= 1,preday,TRUE,0,0,0,1
tmds,local beta_cost_private_bus_1 = -999,preday,TRUE,-999,-999,-999,-999
tmds,local beta_cost_drive1_1 = -3,preday,TRUE,-3,-15,0,-3
tmds,local beta_cost_share2_1= -3,preday,TRUE,-3,-15,0,-3
tmds,local beta_cost_share3_1= -3,preday,TRUE,-3,-15,0,-3
tmds,local beta_cost_motor_1 = 0,preday,TRUE,0,-2,2,0
tmds,local beta_cost_taxi_1 = 0,preday,TRUE,0,0,0,0
tmds,local beta_cost_SMS_1 = 0,preday,TRUE,0,0,0,0
tmds,local beta_cost_Rail_SMS_1 = 0,preday,TRUE,0,0,0,0
tmds,local beta_cost_SMS_Pool_1 = 0,preday,TRUE,0,0,0,0
tmds,local beta_cost_Rail_SMS_Pool_1 = 0,preday,TRUE,0,0,0,0
tmds,local beta_cost_bus_mrt_2 = -0.1,preday,TRUE,0,0,0,-0.1
tmds,local beta_cost_private_bus_2 = -999,preday,TRUE,-999,-999,-999,-999
tmds,local beta_cost_drive1_2 = -3,preday,TRUE,-3,-15,0,-3
tmds,local beta_cost_share2_2 = -4,preday,TRUE,-4,-15,0,-4
tmds,local beta_cost_share3_2 = -4,preday,TRUE,-4,-15,0,-4
tmds,local beta_cost_motor_2 = -0.150,preday,TRUE,-0.15,-2.15,1.85,-0.15
tmds,local beta_cost_taxi_2 = -0.113,preday,TRUE,-0.113,-0.113,-0.113,-0.113
tmds,local beta_cost_SMS_2 = -0.113,preday,TRUE,-0.113,-0.113,-0.113,-0.113
tmds,local beta_cost_Rail_SMS_2 = -0.294,preday,TRUE,-0.294,-0.294,-0.294,-0.294
tmds,local beta_cost_SMS_Pool_2 = -0.113,preday,TRUE,-0.113,-0.113,-0.113,-0.113
tmds,local beta_cost_Rail_SMS_Pool_2 = -0.294,preday,TRUE,-0.294,-0.294,-0.294,-0.294
tmds,local beta_tt_bus_mrt = -0.1,preday,TRUE,-0.1,-15,0,-0.1
tmds,local beta_tt_private_bus = -999,preday,TRUE,-999,-999,-999,-999
tmds,local beta_tt_drive1 = -7,preday,TRUE,-7,-15,0,-7
tmds,local beta_tt_share2 = -9,preday,TRUE,-9,-15,0,-9
tmds,local beta_tt_share3= -9,preday,TRUE,-9,-15,0,-9
tmds,local beta_tt_motor = 0,preday,TRUE,0,-2,2,0
tmds,local beta_tt_walk = -7,preday,TRUE,-7,-3,3,-7
tmds,local beta_tt_taxi = -3.33,preday,TRUE,-3.33,-3.33,-3.33,-3.33
tmds,local beta_tt_SMS = -3.33,preday,TRUE,-3.33,-3.33,-3.33,-3.33
tmds,local beta_tt_Rail_SMS = -2.78,preday,TRUE,-2.78,-2.78,-2.78,-2.78
tmds,local beta_tt_SMS_Pool = -3.33,preday,TRUE,-3.33,-3.33,-3.33,-3.33
tmds,local beta_tt_Rail_SMS_Pool = -2.78,preday,TRUE,-2.78,-2.78,-2.78,-2.78
tmds,local beta_log = 1.14,preday,TRUE,1.14,-0.86,3.14,1.14
tmds,local beta_area = 3.41,preday,TRUE,3.41,1.41,5.41,3.41
tmds,local beta_population = -7.24,preday,TRUE,-7.24,-9.24,-5.24,-7.24
tmds,local beta_central_bus_mrt = 1,preday,TRUE,1,-1,3,1
tmds,local beta_central_private_bus= -999,preday,TRUE,-999,-999,-999,-999
tmds,local beta_central_drive1 = -0.178,preday,TRUE,-0.178,-10,0,-0.178
tmds,local beta_central_share2 = -0.478,preday,TRUE,-0.478,-10,0,-0.478
tmds,local beta_central_share3 = -0.478,preday,TRUE,-0.478,-10,0,-0.478
tmds,local beta_central_motor = 0.0738,preday,TRUE,0.0738,-1.9262,2.0738,0.0738
tmds,local beta_central_walk = -0.5,preday,TRUE,-0.5,-10,10,-0.5
tmds,local beta_central_taxi = 1.92,preday,TRUE,1.92,1.92,1.92,1.92
tmds,local beta_central_SMS = 1.92,preday,TRUE,1.92,1.92,1.92,1.92
tmds,local beta_central_Rail_SMS = -0.178,preday,TRUE,-0.178,-0.178,-0.178,-0.178
tmds,local beta_central_SMS_Pool = 1.92,preday,TRUE,1.92,1.92,1.92,1.92
tmds,local beta_central_Rail_SMS_Pool = -0.178,preday,TRUE,-0.178,-0.178,-0.178,-0.178
tmds,local beta_distance_bus_mrt = 0.5,preday,TRUE,0.5,-15,2,0.5
tmds,local beta_distance_private_bus = -999,preday,TRUE,-999,-999,-999,-999
tmds,local beta_distance_drive1 = -2,preday,TRUE,-2,-15,2,-2
tmds,local beta_distance_share2 = -2,preday,TRUE,-2,-15,2,-2
tmds,local beta_distance_share3 = -2,preday,TRUE,-2,-15,2,-2
tmds,local beta_distance_motor = -0.0635,preday,TRUE,-0.0635,-2.0635,1.9365,-0.0635
tmds,local beta_distance_walk = -2,preday,TRUE,-2,-8,8,-2
tmds,local beta_distance_taxi = 0,preday,TRUE,0,0,0,0
tmds,local beta_distance_SMS =0,preday,TRUE,0,0,0,0
tmds,local beta_distance_Rail_SMS = 0.00911,preday,TRUE,0.00911,0.00911,0.00911,0.00911
tmds,local beta_distance_SMS_Pool =0,preday,TRUE,0,0,0,0
tmds,local beta_distance_Rail_SMS_Pool = 0.00911,preday,TRUE,0.00911,0.00911,0.00911,0.00911
tmds,local beta_cons_bus = -0.1,preday,TRUE,-0.1,-8,8,-0.1
tmds,local beta_cons_mrt = -3,preday,TRUE,-3,-5,-1,-3
tmds,local beta_cons_private_bus =  -999,preday,TRUE,-999,-999,-999,-999
tmds,local beta_cons_drive1 = -3,preday,TRUE,-3,-5,-1,-3
tmds,local beta_cons_share2 = -6.193,preday,TRUE,-6.193,-8.193,-4.193,-6.193
tmds,local beta_cons_share3 = -6.578,preday,TRUE,-6.578,-8.578,-4.578,-6.578
tmds,local beta_cons_motor = 1.240,preday,TRUE,1.24,-0.76,3.24,1.24
tmds,local beta_cons_walk = -6,preday,TRUE,-6,-8,8,-6
tmds,local beta_cons_taxi = -15.158,preday,TRUE,-15.158,-15.158,-15.158,-15.158
tmds,local beta_cons_SMS = -10,preday,TRUE,-10,-10,-10,-10
tmds,local beta_cons_Rail_SMS = -17.272,preday,TRUE,-17.272,-17.272,-17.272,-17.272
tmds,local beta_cons_SMS_Pool = -17,preday,TRUE,-17,-17,-17,-17
tmds,local beta_cons_Rail_SMS_Pool = -17,preday,TRUE,-17,-17,-17,-17
tmds,local beta_zero_bus = 0,preday,TRUE,0,-2,2,0
tmds,local beta_oneplus_bus = 0,preday,TRUE,0,-2,2,0
tmds,local beta_twoplus_bus = -0.2,preday,TRUE,-0.2,-2.2,1.8,-0.2
tmds,local beta_threeplus_bus = 0,preday,TRUE,0,-2,2,0
tmds,local beta_zero_mrt= 0,preday,TRUE,0,-2,2,0
tmds,local beta_oneplus_mrt = 0.648,preday,TRUE,0.648,-1.352,2.648,0.648
tmds,local beta_twoplus_mrt = -2.55,preday,TRUE,-2.55,-4.55,-0.55,-2.55
tmds,local beta_threeplus_mrt = 0,preday,TRUE,0,-2,2,0
tmds,local beta_zero_privatebus = 1,preday,TRUE,1,1,1,1
tmds,local beta_oneplus_privatebus = 0.0862,preday,TRUE,0.0862,0.0862,0.0862,0.0862
tmds,local beta_twoplus_privatebus = 0,preday,TRUE,0,0,0,0
tmds,local beta_threeplus_privatebus = 0,preday,TRUE,0,0,0,0
tmds,local beta_zero_drive1 = 0,preday,TRUE,0,-2,2,0
tmds,local beta_oneplus_drive1 = 0,preday,TRUE,0,-2,2,0
tmds,local beta_twoplus_drive1 = 0.476,preday,TRUE,0.476,-1.524,2.476,0.476
tmds,local beta_threeplus_drive1 = 0,preday,TRUE,0,-2,2,0
tmds,local beta_zero_share2 = 0,preday,TRUE,0,-2,2,0
tmds,local beta_oneplus_share2 = 3.65,preday,TRUE,3.65,1.65,5.65,3.65
tmds,local beta_twoplus_share2 = 0,preday,TRUE,0,-2,2,0
tmds,local beta_threeplus_share2 = 0,preday,TRUE,0,-2,2,0
tmds,local beta_zero_share3 = 0,preday,TRUE,0,-2,2,0
tmds,local beta_oneplus_share3 = 2.82,preday,TRUE,2.82,0.82,4.82,2.82
tmds,local beta_twoplus_share3 = -0.735,preday,TRUE,-0.735,-2.735,1.265,-0.735
tmds,local beta_threeplus_share3 = 0,preday,TRUE,0,-2,2,0
tmds,local beta_zero_car_motor = 0,preday,TRUE,0,-2,2,0
tmds,local beta_oneplus_car_motor = 0,preday,TRUE,0,-2,2,0
tmds,local beta_twoplus_car_motor = 0,preday,TRUE,0,-2,2,0
tmds,local beta_threeplus_car_motor = 0,preday,TRUE,0,-2,2,0
tmds,local beta_zero_walk = 0,preday,TRUE,0,-2,2,0
tmds,local beta_oneplus_walk = 0,preday,TRUE,0,-2,2,0
tmds,local beta_twoplus_walk = 0,preday,TRUE,0,-2,2,0
tmds,local beta_threeplus_walk = 0,preday,TRUE,0,-2,2,0
tmds,local beta_zero_taxi = 0,preday,TRUE,0,0,0,0
tmds,local beta_oneplus_taxi = -0.0655,preday,TRUE,-0.0655,-0.0655,-0.0655,-0.0655
tmds,local beta_twoplus_taxi = 0,preday,TRUE,0,0,0,0
tmds,local beta_threeplus_taxi = 0,preday,TRUE,0,0,0,0
tmds,local beta_zero_motor = 0,preday,TRUE,0,-2,2,0
tmds,local beta_oneplus_motor = 0,preday,TRUE,0,-2,2,0
tmds,local beta_twoplus_motor= 4.89,preday,TRUE,4.89,2.89,6.89,4.89
tmds,local beta_threeplus_motor= 0 ,preday,TRUE,0,-2,2,0
tmds,local beta_zero_SMS = 0,preday,TRUE,0,0,0,0
tmds,local beta_oneplus_SMS = -0.0655,preday,TRUE,-0.0655,-0.0655,-0.0655,-0.0655
tmds,local beta_twoplus_SMS = 0,preday,TRUE,0,0,0,0
tmds,local beta_threeplus_SMS = 0,preday,TRUE,0,0,0,0
tmds,local beta_zero_Rail_SMS = 0,preday,TRUE,0,0,0,0
tmds,local beta_oneplus_Rail_SMS = 0.648,preday,TRUE,0.648,0.648,0.648,0.648
tmds,local beta_twoplus_Rail_SMS = -2.55,preday,TRUE,-2.55,-2.55,-2.55,-2.55
tmds,local beta_threeplus_Rail_SMS = 0,preday,TRUE,0,0,0,0
tmds,local beta_zero_SMS_Pool = 0,preday,TRUE,0,0,0,0
tmds,local beta_oneplus_SMS_Pool = -0.0655,preday,TRUE,-0.0655,-0.0655,-0.0655,-0.0655
tmds,local beta_twoplus_SMS_Pool = 0,preday,TRUE,0,0,0,0
tmds,local beta_threeplus_SMS_Pool = 0,preday,TRUE,0,0,0,0
tmds,local beta_zero_Rail_SMS_Pool = 0,preday,TRUE,0,0,0,0
tmds,local beta_oneplus_Rail_SMS_Pool = 0.648,preday,TRUE,0.648,0.648,0.648,0.648
tmds,local beta_twoplus_Rail_SMS_Pool = -2.55,preday,TRUE,-2.55,-2.55,-2.55,-2.55
tmds,local beta_threeplus_Rail_SMS_Pool = 0,preday,TRUE,0,0,0,0
tmds,local beta_female_bus = 0.0894,preday,TRUE,0.0894,-1.9106,2.0894,0.0894
tmds,local beta_female_mrt = 0,preday,TRUE,0,-2,2,0
tmds,local beta_female_private_bus = -0.437,preday,TRUE,-0.437,-0.437,-0.437,-0.437
tmds,local beta_female_drive1 = 0,preday,TRUE,0,-2,2,0
tmds,local beta_female_share2 = -0.669,preday,TRUE,-0.669,-2.669,1.331,-0.669
tmds,local beta_female_share3 = -0.690,preday,TRUE,-0.69,-2.69,1.31,-0.69
tmds,local beta_female_motor = -2.60,preday,TRUE,-2.6,-4.6,-0.6,-2.6
tmds,local beta_female_taxi = 0.404,preday,TRUE,0.404,0.404,0.404,0.404
tmds,local beta_female_SMS =  0.404,preday,TRUE,0.404,0.404,0.404,0.404
tmds,local beta_female_Rail_SMS = 0,preday,TRUE,0,0,0,0
tmds,local beta_female_walk = 1.83,preday,TRUE,1.83,-0.17,3.83,1.83
tmds,local beta_female_SMS_Pool =  0.404,preday,TRUE,0.404,0.404,0.404,0.404
tmds,local beta_female_Rail_SMS_Pool = 0,preday,TRUE,0,0,0,0
tmdw,local beta_cost_bus_mrt_1= 0,preday,TRUE,0,0,0,0
tmdw,local beta_cost_private_bus_1 = -999,preday,TRUE,-999,0,0,-999
tmdw,local beta_cost_drive1_1 = -6.75,preday,TRUE,-6.75,0,0,-6.75
tmdw,local beta_cost_share2_1 = -8.80,preday,TRUE,-8.8,0,0,-8.8
tmdw,local beta_cost_share3_1 = -3.39,preday,TRUE,-3.39,0,0,-3.39
tmdw,local beta_cost_motor_1 = -0.553,preday,TRUE,-0.553,0,0,-0.553
tmdw,local beta_cost_taxi_1 = -1.49,preday,TRUE,-1.49,0,0,-1.49
tmdw,local beta_cost_SMS_1 = -1.69,preday,TRUE,-1.69,0,0,-1.69
tmdw,local beta_cost_Rail_SMS_1 = -6.75,preday,TRUE,-6.75,0,0,-6.75
tmdw,local beta_cost_SMS_Pool_1 = -1.49,preday,TRUE,-1.49,0,0,-1.49
tmdw,local beta_cost_Rail_SMS_Pool_1 = -6.75,preday,TRUE,-6.75,0,0,-6.75
tmdw,local beta_cost_bus_mrt_2 = 0,preday,TRUE,0,0,0,0
tmdw,local beta_cost_private_bus_2 = -999,preday,TRUE,-999,0,0,-999
tmdw,local beta_cost_drive1_2 = 0,preday,TRUE,0,0,0,0
tmdw,local beta_cost_share2_2 = 0,preday,TRUE,0,0,0,0
tmdw,local beta_cost_share3_2 = 0,preday,TRUE,0,0,0,0
tmdw,local beta_cost_motor_2 = 0,preday,TRUE,0,0,0,0
tmdw,local beta_cost_taxi_2 = 0,preday,TRUE,0,0,0,0
tmdw,local beta_cost_SMS_2 = 0,preday,TRUE,0,0,0,0
tmdw,local beta_cost_Rail_SMS_2 = 0,preday,TRUE,0,0,0,0
tmdw,local beta_cost_SMS_Pool_2 = 0,preday,TRUE,0,0,0,0
tmdw,local beta_cost_Rail_SMS_Pool_2 = 0,preday,TRUE,0,0,0,0
tmdw,local beta_tt_bus_mrt = 0,preday,TRUE,0,0,0,0
tmdw,local beta_tt_private_bus= -999,preday,TRUE,-999,0,0,-999
tmdw,local beta_tt_drive1 = -1.04,preday,TRUE,-1.04,0,0,-1.04
tmdw,local beta_tt_share2 = 0,preday,TRUE,0,0,0,0
tmdw,local beta_tt_share3 = 0,preday,TRUE,0,0,0,0
tmdw,local beta_tt_motor = 0,preday,TRUE,0,0,0,0
tmdw,local beta_tt_walk = -5,preday,TRUE,-5,0,0,-5
tmdw,local beta_tt_taxi= -1.71,preday,TRUE,-1.71,0,0,-1.71
tmdw,local beta_tt_SMS = -1.71,preday,TRUE,-1.71,0,0,-1.71
tmdw,local beta_tt_Rail_SMS = -1.04,preday,TRUE,-1.04,0,0,-1.04
tmdw,local beta_tt_SMS_Pool = -1.71,preday,TRUE,-1.71,0,0,-1.71
tmdw,local beta_tt_Rail_SMS_Pool = -1.04,preday,TRUE,-1.04,0,0,-1.04
tmdw,local beta_log = 0.793,preday,TRUE,0.793,0,0,0.793
tmdw,local beta_area = 5.61,preday,TRUE,5.61,0,0,5.61
tmdw,local beta_population = 0,preday,TRUE,0,0,0,0
tmdw,local beta_central_bus_mrt = 0.284,preday,TRUE,0.284,0,0,0.284
tmdw,local beta_central_private_bus = -999,preday,TRUE,-999,0,0,-999
tmdw,local beta_central_drive1 = 0,preday,TRUE,0,0,0,0
tmdw,local beta_central_share2 = 0.226,preday,TRUE,0.226,0,0,0.226
tmdw,local beta_central_share3 = 0.367,preday,TRUE,0.367,0,0,0.367
tmdw,local beta_central_motor = 0.618,preday,TRUE,0.618,0,0,0.618
tmdw,local beta_central_walk = -1.32,preday,TRUE,-1.32,0,0,-1.32
tmdw,local beta_central_taxi = 1.13,preday,TRUE,1.13,0,0,1.13
tmdw,local beta_central_SMS = 1.13,preday,TRUE,1.13,0,0,1.13
tmdw,local beta_central_Rail_SMS = 0.284,preday,TRUE,0.284,0,0,0.284
tmdw,local beta_central_SMS_Pool = 1.13,preday,TRUE,1.13,0,0,1.13
tmdw,local beta_central_Rail_SMS_Pool = 0.284,preday,TRUE,0.284,0,0,0.284
tmdw,local beta_distance_bus_mrt = 0,preday,TRUE,0,0,0,0
tmdw,local beta_distance_private_bus = -999,preday,TRUE,-999,0,0,-999
tmdw,local beta_distance_drive1 = -0.018,preday,TRUE,-0.018,0,0,-0.018
tmdw,local beta_distance_share2 = -0.018,preday,TRUE,-0.018,0,0,-0.018
tmdw,local beta_distance_share3 = -0.0299,preday,TRUE,-0.0299,0,0,-0.0299
tmdw,local beta_distance_motor = -0.0319,preday,TRUE,-0.0319,0,0,-0.0319
tmdw,local beta_distance_walk = -1,preday,TRUE,-1,0,0,-1
tmdw,local beta_distance_taxi = 0,preday,TRUE,0,0,0,0
tmdw,local beta_distance_SMS =0,preday,TRUE,0,0,0,0
tmdw,local beta_distance_Rail_SMS = 0,preday,TRUE,0,0,0,0
tmdw,local beta_distance_SMS_Pool =0,preday,TRUE,0,0,0,0
tmdw,local beta_distance_Rail_SMS_Pool = 0,preday,TRUE,0,0,0,0
tmdw,local beta_cons_bus = -5,preday,TRUE,-5,0,0,-5
tmdw,local beta_cons_mrt = -6.948,preday,TRUE,-6.948,0,0,-6.948
tmdw,local beta_cons_private_bus = -999,preday,TRUE,-999,0,0,-999
tmdw,local beta_cons_drive1 = -7,preday,TRUE,-7,0,0,-7
tmdw,local beta_cons_share2 = -10.514,preday,TRUE,-10.514,0,0,-10.514
tmdw,local beta_cons_share3 = -11.705,preday,TRUE,-11.705,0,0,-11.705
tmdw,local beta_cons_motor = -5.218,preday,TRUE,-5.218,0,0,-5.218
tmdw,local beta_cons_walk = -10,preday,TRUE,-10,0,0,-10
tmdw,local beta_cons_taxi = -10.535,preday,TRUE,-10.535,0,0,-10.535
tmdw,local beta_cons_SMS = -10.035,preday,TRUE,-10.035,0,0,-10.035
tmdw,local beta_cons_Rail_SMS = -11.493,preday,TRUE,-11.493,0,0,-11.493
tmdw,local beta_cons_SMS_Pool = -13.993,preday,TRUE,-13.993,0,0,-13.993
tmdw,local beta_cons_Rail_SMS_Pool =  -22.616,preday,TRUE,-22.616,0,0,-22.616
tmdw,local beta_zero_bus = 0,preday,TRUE,0,0,0,0
tmdw,local beta_oneplus_bus = -3.20,preday,TRUE,-3.2,0,0,-3.2
tmdw,local beta_twoplus_bus = -0.658,preday,TRUE,-0.658,0,0,-0.658
tmdw,local beta_threeplus_bus = 0,preday,TRUE,0,0,0,0
tmdw,local beta_zero_mrt= 0,preday,TRUE,0,0,0,0
tmdw,local beta_oneplus_mrt = -2.53,preday,TRUE,-2.53,0,0,-2.53
tmdw,local beta_twoplus_mrt = -1.71,preday,TRUE,-1.71,0,0,-1.71
tmdw,local beta_threeplus_mrt = 0,preday,TRUE,0,0,0,0
tmdw,local beta_zero_privatebus = 0,preday,TRUE,0,0,0,0
tmdw,local beta_oneplus_privatebus = -3.54,preday,TRUE,-3.54,0,0,-3.54
tmdw,local beta_twoplus_privatebus = 0,preday,TRUE,0,0,0,0
tmdw,local beta_threeplus_privatebus = 0,preday,TRUE,0,0,0,0
tmdw,local beta_zero_drive1 = 0,preday,TRUE,0,0,0,0
tmdw,local beta_oneplus_drive1 = 0,preday,TRUE,0,0,0,0
tmdw,local beta_twoplus_drive1 = 0.558,preday,TRUE,0.558,0,0,0.558
tmdw,local beta_threeplus_drive1 = 0,preday,TRUE,0,0,0,0
tmdw,local beta_zero_share2 = 0,preday,TRUE,0,0,0,0
tmdw,local beta_oneplus_share2 = 0.502,preday,TRUE,0.502,0,0,0.502
tmdw,local beta_twoplus_share2 = 0,preday,TRUE,0,0,0,0
tmdw,local beta_threeplus_share2 = 0,preday,TRUE,0,0,0,0
tmdw,local beta_zero_share3 = 0,preday,TRUE,0,0,0,0
tmdw,local beta_oneplus_share3 = -0.515,preday,TRUE,-0.515,0,0,-0.515
tmdw,local beta_twoplus_share3 = 0,preday,TRUE,0,0,0,0
tmdw,local beta_threeplus_share3 = 0,preday,TRUE,0,0,0,0
tmdw,local beta_zero_car_motor = 0,preday,TRUE,0,0,0,0
tmdw,local beta_oneplus_car_motor = -3.12,preday,TRUE,-3.12,0,0,-3.12
tmdw,local beta_twoplus_car_motor = 0,preday,TRUE,0,0,0,0
tmdw,local beta_threeplus_car_motor = 0,preday,TRUE,0,0,0,0
tmdw,local beta_zero_walk = 0,preday,TRUE,0,0,0,0
tmdw,local beta_oneplus_walk = -2.65,preday,TRUE,-2.65,0,0,-2.65
tmdw,local beta_twoplus_walk = 0,preday,TRUE,0,0,0,0
tmdw,local beta_threeplus_walk = 0,preday,TRUE,0,0,0,0
tmdw,local beta_zero_taxi = 0,preday,TRUE,0,0,0,0
tmdw,local beta_oneplus_taxi = -3.03,preday,TRUE,-3.03,0,0,-3.03
tmdw,local beta_twoplus_taxi = 0,preday,TRUE,0,0,0,0
tmdw,local beta_threeplus_taxi = 0,preday,TRUE,0,0,0,0
tmdw,local beta_zero_SMS = 0,preday,TRUE,0,0,0,0
tmdw,local beta_oneplus_SMS = -3.03,preday,TRUE,-3.03,0,0,-3.03
tmdw,local beta_twoplus_SMS = 0,preday,TRUE,0,0,0,0
tmdw,local beta_threeplus_SMS = 0,preday,TRUE,0,0,0,0
tmdw,local beta_zero_SMS_Pool = 0,preday,TRUE,0,0,0,0
tmdw,local beta_oneplus_SMS_Pool = -3.03,preday,TRUE,-3.03,0,0,-3.03
tmdw,local beta_twoplus_SMS_Pool = 0,preday,TRUE,0,0,0,0
tmdw,local beta_threeplus_SMS_Pool = 0,preday,TRUE,0,0,0,0
tmdw,local beta_zero_Rail_SMS = 0,preday,TRUE,0,0,0,0
tmdw,local beta_oneplus_Rail_SMS = -2.53,preday,TRUE,-2.53,0,0,-2.53
tmdw,local beta_twoplus_Rail_SMS = -1.71,preday,TRUE,-1.71,0,0,-1.71
tmdw,local beta_threeplus_Rail_SMS = 0,preday,TRUE,0,0,0,0
tmdw,local beta_zero_Rail_SMS_Pool = 0,preday,TRUE,0,0,0,0
tmdw,local beta_oneplus_Rail_SMS_Pool = -2.53,preday,TRUE,-2.53,0,0,-2.53
tmdw,local beta_twoplus_Rail_SMS_Pool = -1.71,preday,TRUE,-1.71,0,0,-1.71
tmdw,local beta_threeplus_Rail_SMS_Pool = 0,preday,TRUE,0,0,0,0
tmdw,local beta_zero_motor = 0,preday,TRUE,0,0,0,0
tmdw,local beta_oneplus_motor = 0,preday,TRUE,0,0,0,0
tmdw,local beta_twoplus_motor = 4.79,preday,TRUE,4.79,0,0,4.79
tmdw,local beta_threeplus_motor= 0,preday,TRUE,0,0,0,0
tmdw,local beta_female_bus = 1.94,preday,TRUE,1.94,0,0,1.94
tmdw,local beta_female_mrt = 1.60,preday,TRUE,1.6,0,0,1.6
tmdw,local beta_female_private_bus = 1.41,preday,TRUE,1.41,0,0,1.41
tmdw,local beta_female_drive1 = 0,preday,TRUE,0,0,0,0
tmdw,local beta_female_share2 = 1.72,preday,TRUE,1.72,0,0,1.72
tmdw,local beta_female_share3 = 0.429,preday,TRUE,0.429,0,0,0.429
tmdw,local beta_female_motor = -2.36,preday,TRUE,-2.36,0,0,-2.36
tmdw,local beta_female_taxi = 2.89,preday,TRUE,2.89,0,0,2.89
tmdw,local beta_female_walk = 3.08,preday,TRUE,3.08,0,0,3.08
tmdw,local beta_female_Rail_SMS = 1.60,preday,TRUE,1.6,0,0,1.6
tmdw,local beta_female_SMS = 2.89,preday,TRUE,2.89,0,0,2.89
tmdw,local beta_female_Rail_SMS_Pool = 1.60,preday,TRUE,1.6,0,0,1.6
tmdw,local beta_female_SMS_Pool = 2.89,preday,TRUE,2.89,0,0,2.89
tme,local beta_cons_bus = -2,preday,TRUE,-2,-5,15,-2
tme,local beta_cons_mrt = - 8,preday,TRUE,-8,-10,-6,-8
tme,local beta_cons_privatebus= -999,preday,TRUE,-999,-999,-999,-999
tme,local beta_cons_drive1= -4,preday,TRUE,-4,-15,0,-4
tme,local beta_cons_share2= -15,preday,TRUE,-15,-17,-13,-15
tme,local beta_cons_share3= -13.5,preday,TRUE,-13.5,-15.5,-11.5,-13.5
tme,local beta_cons_motor= 9.992,preday,TRUE,9.992,7.992,11.992,9.992
tme,local beta_cons_walk= -6.5,preday,TRUE,-6.5,-8,8,-6.5
tme,local beta_cons_taxi=  -11.334,preday,TRUE,-11.334,-11.334,-11.334,-11.334
tme,local beta_cons_SMS = -10.8,preday,TRUE,-10.8,-10.8,-10.8,-10.8
tme,local beta_cons_Rail_SMS =-12.4,preday,TRUE,-12.4,-12.4,-12.4,-12.4
tme,local beta_cons_SMS_Pool = -14,preday,TRUE,-14,-14,-14,-14
tme,local beta_cons_Rail_SMS_Pool = -12,preday,TRUE,-12,-12,-12,-12
tme,local beta1_1_tt = 0.1,preday,TRUE,0.1,-15,0,0.1
tme,local beta1_2_tt = -0.690,preday,TRUE,-0.69,-15,0,-0.69
tme,local beta1_3_tt = -1.06,preday,TRUE,-1.06,-15,0,-1.06
tme,local beta_private_1_tt= -999,preday,TRUE,-999,-999,-999,-999
tme,local beta2_tt_drive1 = -0.736,preday,TRUE,-0.736,-15,0,-0.736
tme,local beta2_tt_share2 = -2,preday,TRUE,-2,-15,0,-2
tme,local beta2_tt_share3 = -2,preday,TRUE,-2,-15,0,-2
tme,local beta2_tt_motor = 0,preday,TRUE,0,-2,2,0
tme,local beta_tt_walk = -4,preday,TRUE,-4,-3,3,-4
tme,local beta_tt_taxi = -2.84,preday,TRUE,-2.84,-2.84,-2.84,-2.84
tme,local beta_tt_SMS = -2.84,preday,TRUE,-2.84,-2.84,-2.84,-2.84
tme,local beta_tt_SMS_Pool = -2.84,preday,TRUE,-2.84,-2.84,-2.84,-2.84
tme,local beta_cost = 0,preday,TRUE,0,-2,2,0
tme,local beta_cost_erp = 0,preday,TRUE,0,0,0,0
tme,local beta_cost_parking = 0,preday,TRUE,0,0,0,0
tme,local beta_central_bus = -0.330,preday,TRUE,-0.33,-10,10,-0.33
tme,local beta_central_mrt = 0.502 ,preday,TRUE,0.502,-1.498,2.502,0.502
tme,local beta_central_privatebus = -999,preday,TRUE,-999,-999,-999,-999
tme,local beta_central_share2 = -0.5,preday,TRUE,-0.5,-10,0,-0.5
tme,local beta_central_share3 = -0.8,preday,TRUE,-0.8,-10,0,-0.8
tme,local beta_central_motor = 0.136,preday,TRUE,0.136,-1.864,2.136,0.136
tme,local beta_central_taxi = 1.04,preday,TRUE,1.04,1.04,1.04,1.04
tme,local beta_central_walk = 0.1,preday,TRUE,0.1,-10,10,0.1
tme,local beta_central_SMS = 1.04,preday,TRUE,1.04,1.04,1.04,1.04
tme,local beta_central_Rail_SMS = 0.502,preday,TRUE,0.502,0.502,0.502,0.502
tme,local beta_central_SMS_Pool = 1.04,preday,TRUE,1.04,1.04,1.04,1.04
tme,local beta_central_Rail_SMS_Pool = 0.502,preday,TRUE,0.502,0.502,0.502,0.502
tme,local beta_female_bus = 0.804,preday,TRUE,0.804,-5,5,0.804
tme,local beta_female_mrt = 0.916,preday,TRUE,0.916,-1.084,2.916,0.916
tme,local beta_female_Rail_SMS = 0.916,preday,TRUE,0.916,0.916,0.916,0.916
tme,local beta_female_Rail_SMS_Pool = 0.916,preday,TRUE,0.916,0.916,0.916,0.916
tme,local beta_female_privatebus = 0.875,preday,TRUE,0.875,0.875,0.875,0.875
tme,local beta_female_drive1 = 0,preday,TRUE,0,-5,5,0
tme,local beta_female_share2 = 0.877,preday,TRUE,0.877,-5,5,0.877
tme,local beta_female_share3 = 0.762,preday,TRUE,0.762,-5,5,0.762
tme,local beta_female_motor = 0,preday,TRUE,0,-2,2,0
tme,local beta_female_taxi = 0.567,preday,TRUE,0.567,0.567,0.567,0.567
tme,local beta_female_SMS = 0.567,preday,TRUE,0.567,0.567,0.567,0.567
tme,local beta_female_SMS_Pool = 0.567,preday,TRUE,0.567,0.567,0.567,0.567
tme,local beta_female_walk = 0.877,preday,TRUE,0.877,-5,5,0.877
tme,local beta_zero_drive1 = 0,preday,TRUE,0,-2,2,0
tme,local beta_oneplus_drive1 = 0,preday,TRUE,0,-2,2,0
tme,local beta_twoplus_drive1 = 0,preday,TRUE,0,-2,2,0
tme,local beta_threeplus_drive1 = 0,preday,TRUE,0,-2,2,0
tme,local beta_zero_share2 = 0,preday,TRUE,0,-2,2,0
tme,local beta_oneplus_share2 = 2.77,preday,TRUE,2.77,0.77,4.77,2.77
tme,local beta_twoplus_share2 = 2.77,preday,TRUE,2.77,0.77,4.77,2.77
tme,local beta_threeplus_share2 = 0.140,preday,TRUE,0.14,-1.86,2.14,0.14
tme,local beta_zero_share3 = 0,preday,TRUE,0,-2,2,0
tme,local beta_oneplus_share3 = 2.79,preday,TRUE,2.79,0.79,4.79,2.79
tme,local beta_twoplus_share3 = 0.998,preday,TRUE,0.998,-1.002,2.998,0.998
tme,local beta_threeplus_share3 = 0,preday,TRUE,0,-2,2,0
tme,local beta_zero_motor = 0,preday,TRUE,0,-2,2,0
tme,local beta_oneplus_motor = 0,preday,TRUE,0,-2,2,0
tme,local beta_twoplus_motor = 0,preday,TRUE,0,-2,2,0
tme,local beta_threeplus_motor = 0,preday,TRUE,0,-2,2,0
tme,local beta_transfer = 0,preday,TRUE,0,-2,2,0
tme,local beta_distance = -0.0116,preday,TRUE,-0.0116,-2.0116,1.9884,-0.0116
tme,local beta_residence = -0.488,preday,TRUE,-0.488,-2.488,1.512,-0.488
tme,local beta_residence_2 = 0,preday,TRUE,0,-2,2,0
tme,local beta_attraction = -0.0429,preday,TRUE,-0.0429,0,0,-0.0429
tme,local beta_attraction_2 = 0,preday,TRUE,0,0,0,0
tme,local beta_age_over_15_bus = 1.95,preday,TRUE,1.95,1.95,1.95,1.95
tme,local beta_age_over_15_mrt = 2.46,preday,TRUE,2.46,2.46,2.46,2.46
tme,local beta_age_over_15_Rail_SMS = 2.46,preday,TRUE,2.46,2.46,2.46,2.46
tme,local beta_age_over_15_Rail_SMS_Pool = 2.46,preday,TRUE,2.46,2.46,2.46,2.46
tme,local beta_age_over_15_private_bus = 0,preday,TRUE,0,0,0,0
tme,local beta_age_over_15_drive1 = 0,preday,TRUE,0,0,0,0
tme,local beta_age_over_15_share2 = 0.376,preday,TRUE,0.376,0.376,0.376,0.376
tme,local beta_age_over_15_share3 = 0,preday,TRUE,0,0,0,0
tme,local beta_age_over_15_motor = 0,preday,TRUE,0,0,0,0
tme,local beta_age_over_15_walk = 1.28,preday,TRUE,1.28,1.28,1.28,1.28
tme,local beta_age_over_15_taxi = 0.772,preday,TRUE,0.772,0.772,0.772,0.772
tme,local beta_age_over_15_SMS = 0.772,preday,TRUE,0.772,0.772,0.772,0.772
tme,local beta_age_over_15_SMS_Pool = 0.772,preday,TRUE,0.772,0.772,0.772,0.772
tme,local beta_university_student_bus = -0.157,preday,TRUE,-0.157,-2.157,1.843,-0.157
tme,local beta_university_student_mrt = 0.308,preday,TRUE,0.308,-1.692,2.308,0.308
tme,local beta_university_student_Rail_SMS = 0.308,preday,TRUE,0.308,0.308,0.308,0.308
tme,local beta_university_student_Rail_SMS_Pool = 0.308,preday,TRUE,0.308,0.308,0.308,0.308
tme,local beta_university_student_private_bus = 0.227,preday,TRUE,0.227,0.227,0.227,0.227
tme,local beta_university_student_drive1 = 0,preday,TRUE,0,-2,2,0
tme,local beta_university_student_share2 = 0.267,preday,TRUE,0.267,-1.733,2.267,0.267
tme,local beta_university_student_share3 = 0,preday,TRUE,0,-2,2,0
tme,local beta_university_student_motor = 0,preday,TRUE,0,-2,2,0
tme,local beta_university_student_walk = 0,preday,TRUE,0,-2,2,0
tme,local beta_university_student_taxi = 2.10,preday,TRUE,2.1,2.1,2.1,2.1
tme,local beta_university_student_SMS = 2.10,preday,TRUE,2.1,2.1,2.1,2.1
tme,local beta_university_student_SMS_Pool = 2.10,preday,TRUE,2.1,2.1,2.1,2.1
tme,local beta_distance_motor = 0,preday,TRUE,0,-2,2,0
tmw,bundled_variables.beta_cons_bus = -0.1,preday,TRUE,-0.1,-10,10,-0.1
tmw,bundled_variables.beta_cons_mrt = -2,preday,TRUE,-2,-4,0,-2
tmw,bundled_variables.beta_cons_privatebus =  -999,preday,TRUE,-999,-999,-999,-999
tmw,bundled_variables.beta_cons_drive1 = -10,preday,TRUE,-10,-15,5,-10
tmw,bundled_variables.beta_cons_share2 = -10,preday,TRUE,-10,-15,5,-10
tmw,bundled_variables.beta_cons_share3 = -11,preday,TRUE,-11,-15,5,-11
tmw,bundled_variables.beta_cons_motor = -0.042,preday,TRUE,-0.042,-2.042,1.958,-0.042
tmw,bundled_variables.beta_cons_walk = -4.5,preday,TRUE,-4.5,-8,8,-4.5
tmw,bundled_variables.beta_cons_taxi = -4.71 ,preday,TRUE,-4.71,-4.71,-4.71,-4.71
tmw,bundled_variables.beta_cons_SMS = -4.2,preday,TRUE,-4.2,-4.2,-4.2,-4.2
tmw,bundled_variables.beta_cons_Rail_SMS =  -4.446,preday,TRUE,-4.446,-4.446,-4.446,-4.446
tmw,bundled_variables.beta_cons_SMS_Pool =  -6.846,preday,TRUE,-6.846,-6.846,-6.846,-6.846
tmw,bundled_variables.beta_cons_Rail_SMS_Pool = -2,preday,TRUE,-2,-2,-2,-2
tmw,local beta1_1_tt = -0.1,preday,TRUE,-0.1,-15,0,-0.1
tmw,local beta1_2_tt = -0.1,preday,TRUE,-0.1,-15,0,-0.1
tmw,local beta1_3_tt = -0.1,preday,TRUE,-0.1,-15,0,-0.1
tmw,bundled_variables.beta_private_1_tt = -999,preday,TRUE,-999,-999,-999,-999
tmw,local beta2_tt_drive1 = -7,preday,TRUE,-7,-15,0,-7
tmw,local beta2_tt_share2 = -7,preday,TRUE,-7,-15,0,-7
tmw,local beta2_tt_share3 = -6,preday,TRUE,-6,-15,0,-6
tmw,local beta2_tt_motor = -0.897,preday,TRUE,-0.897,-2.897,1.103,-0.897
tmw,bundled_variables.beta_tt_walk = -4,preday,TRUE,-4,-6,-2,-4
tmw,bundled_variables.beta_tt_taxi = -1.17,preday,TRUE,-1.17,-3,3,-1.17
tmw,bundled_variables.beta_tt_SMS = -1.17,preday,TRUE,-1.17,-1.17,-1.17,-1.17
tmw,bundled_variables.beta_tt_SMS_Pool = -1.17,preday,TRUE,-1.17,-1.17,-1.17,-1.17
tmw,local beta4_1_cost = -8.06,preday,TRUE,0,0,0,-8.06
tmw,local beta4_2_cost = -0.0375,preday,TRUE,0,0,0,-0.0375
tmw,local beta5_1_cost = -9.58,preday,TRUE,0,0,0,-9.58
tmw,local beta5_2_cost = -0.0244,preday,TRUE,0,0,0,-0.0244
tmw,local beta6_1_cost = -6.16,preday,TRUE,-6.16,-8.16,-4.16,-6.16
tmw,local beta6_2_cost = -0.04,preday,TRUE,-0.04,-2.04,1.96,-0.04
tmw,local beta7_1_cost = -8.34,preday,TRUE,-8.34,-10.34,-6.34,-8.34
tmw,local beta7_2_cost = -0.0383,preday,TRUE,-0.0383,-2.0383,1.9617,-0.0383
tmw,local beta8_1_cost = -7.96,preday,TRUE,-7.96,-9.96,-5.96,-7.96
tmw,local beta8_2_cost = -0.0332,preday,TRUE,-0.0332,-2.0332,1.9668,-0.0332
tmw,local beta9_1_cost = -6.74,preday,TRUE,-6.74,-8.74,-4.74,-6.74
tmw,local beta9_2_cost = -0.0455,preday,TRUE,-0.0455,-2.0455,1.9545,-0.0455
tmw,local beta11_1_cost = -6.74,preday,TRUE,0,0,0,-6.74
tmw,local beta11_2_cost = -0.0455,preday,TRUE,0,0,0,-0.0455
tmw,local beta10_1_cost = -4.97,preday,TRUE,0,0,0,-4.97
tmw,local beta10_2_cost = -0.0296,preday,TRUE,0,0,0,-0.0296
tmw,bundled_variables.beta_cost_erp = 0,preday,TRUE,0,0,0,0
tmw,bundled_variables.beta_cost_parking = 0,preday,TRUE,0,0,0,0
tmw,bundled_variables.beta_central_bus = 2,preday,TRUE,2,-10,10,2
tmw,bundled_variables.beta_central_mrt = 1.13,preday,TRUE,1.13,-0.87,3.13,1.13
tmw,bundled_variables.beta_central_privatebus = -999,preday,TRUE,-999,-999,-999,-999
tmw,bundled_variables.beta_central_share2 = -0.5,preday,TRUE,-0.5,-10,0,-0.5
tmw,bundled_variables.beta_central_share3 = -0.8,preday,TRUE,-0.8,-10,0,-0.8
tmw,bundled_variables.beta_central_motor = 0.300,preday,TRUE,0.3,-1.7,2.3,0.3
tmw,bundled_variables.beta_central_taxi = 1.11,preday,TRUE,1.11,1.11,1.11,1.11
tmw,bundled_variables.beta_central_walk = 0,preday,TRUE,0,-10,10,0
tmw,bundled_variables.beta_central_SMS = 1.11,preday,TRUE,1.11,1.11,1.11,1.11
tmw,bundled_variables.beta_central_Rail_SMS = 1.13,preday,TRUE,1.13,1.13,1.13,1.13
tmw,bundled_variables.beta_central_SMS_Pool = 1.11,preday,TRUE,1.11,1.11,1.11,1.11
tmw,bundled_variables.beta_central_Rail_SMS_Pool = 1.13,preday,TRUE,1.13,1.13,1.13,1.13
tmw,bundled_variables.beta_female_oneplus_bus = 1.73,preday,TRUE,1.73,-0.27,3.73,1.73
tmw,bundled_variables.beta_female_twoplus_bus = 0,preday,TRUE,0,-2,2,0
tmw,bundled_variables.beta_female_oneplus_mrt = 1.73,preday,TRUE,1.73,-0.27,3.73,1.73
tmw,bundled_variables.beta_female_twoplus_mrt = 0,preday,TRUE,0,-2,2,0
tmw,bundled_variables.beta_female_oneplus_Rail_SMS = 1.73,preday,TRUE,1.73,1.73,1.73,1.73
tmw,bundled_variables.beta_female_twoplus_Rail_SMS = -1.58,preday,TRUE,-1.58,-1.58,-1.58,-1.58
tmw,bundled_variables.beta_female_oneplus_Rail_SMS_Pool = 1.73,preday,TRUE,1.73,1.73,1.73,1.73
tmw,bundled_variables.beta_female_twoplus_Rail_SMS_Pool = -1.58,preday,TRUE,-1.58,-1.58,-1.58,-1.58
tmw,bundled_variables.beta_female_oneplus_privatebus = 1.77,preday,TRUE,1.77,1.77,1.77,1.77
tmw,bundled_variables.beta_female_twoplus_privatebus = -1.05,preday,TRUE,-1.05,-1.05,-1.05,-1.05
tmw,bundled_variables.beta_female_oneplus_drive1 = 0,preday,TRUE,0,-2,2,0
tmw,bundled_variables.beta_female_twoplus_drive1 = -0.708,preday,TRUE,-0.708,-2.708,1.292,-0.708
tmw,bundled_variables.beta_female_oneplus_share2 = 1.57,preday,TRUE,1.57,-0.43,3.57,1.57
tmw,bundled_variables.beta_female_twoplus_share2 = -1.54,preday,TRUE,-1.54,-3.54,0.46,-1.54
tmw,bundled_variables.beta_female_oneplus_share3 = 1.38,preday,TRUE,1.38,-0.62,3.38,1.38
tmw,bundled_variables.beta_female_twoplus_share3 = -0.560,preday,TRUE,-0.56,-2.56,1.44,-0.56
tmw,bundled_variables.beta_female_oneplus_motor = -3.33,preday,TRUE,-3.33,-5.33,-1.33,-3.33
tmw,bundled_variables.beta_female_twoplus_motor = 0,preday,TRUE,0,-2,2,0
tmw,bundled_variables.beta_female_oneplus_taxi = 0.826,preday,TRUE,0.826,0.826,0.826,0.826
tmw,bundled_variables.beta_female_twoplus_taxi = 0,preday,TRUE,0,0,0,0
tmw,bundled_variables.beta_female_oneplus_SMS = 0.826,preday,TRUE,0.826,0.826,0.826,0.826
tmw,bundled_variables.beta_female_twoplus_SMS = 0,preday,TRUE,0,0,0,0
tmw,bundled_variables.beta_female_oneplus_SMS_Pool = 0.826,preday,TRUE,0.826,0.826,0.826,0.826
tmw,bundled_variables.beta_female_twoplus_SMS_Pool = 0,preday,TRUE,0,0,0,0
tmw,bundled_variables.beta_female_oneplus_walk = 1.36,preday,TRUE,1.36,-0.64,3.36,1.36
tmw,bundled_variables.beta_female_twoplus_walk = 0,preday,TRUE,0,-2,2,0
tmw,bundled_variables.beta_zero_bus = 1,preday,TRUE,1,-1,3,1
tmw,bundled_variables.beta_oneplus_bus = -0.61,preday,TRUE,-0.61,-2.61,1.39,-0.61
tmw,bundled_variables.beta_twoplus_bus = 0.384,preday,TRUE,0.384,-1.616,2.384,0.384
tmw,bundled_variables.beta_threeplus_bus = 0,preday,TRUE,0,-2,2,0
tmw,bundled_variables.beta_zero_mrt = 0,preday,TRUE,0,-2,2,0
tmw,bundled_variables.beta_oneplus_mrt = -1.43,preday,TRUE,-1.43,-3.43,0.57,-1.43
tmw,bundled_variables.beta_twoplus_mrt = 0.525,preday,TRUE,0.525,-1.475,2.525,0.525
tmw,bundled_variables.beta_threeplus_mrt = 0,preday,TRUE,0,-2,2,0
tmw,bundled_variables.beta_zero_Rail_SMS = 0,preday,TRUE,0,0,0,0
tmw,bundled_variables.beta_oneplus_Rail_SMS = -1.43,preday,TRUE,-1.43,-1.43,-1.43,-1.43
tmw,bundled_variables.beta_twoplus_Rail_SMS = 0.525,preday,TRUE,0.525,0.525,0.525,0.525
tmw,bundled_variables.beta_threeplus_Rail_SMS = 0,preday,TRUE,0,0,0,0
tmw,bundled_variables.beta_zero_Rail_SMS_Pool = 0,preday,TRUE,0,0,0,0
tmw,bundled_variables.beta_oneplus_Rail_SMS_Pool = -1.43,preday,TRUE,-1.43,-1.43,-1.43,-1.43
tmw,bundled_variables.beta_twoplus_Rail_SMS_Pool = 0.525,preday,TRUE,0.525,0.525,0.525,0.525
tmw,bundled_variables.beta_threeplus_Rail_SMS_Pool = 0,preday,TRUE,0,0,0,0
tmw,bundled_variables.beta_zero_privatebus = 0,preday,TRUE,0,0,0,0
tmw,bundled_variables.beta_oneplus_privatebus= -1.57,preday,TRUE,-1.57,-1.57,-1.57,-1.57
tmw,bundled_variables.beta_twoplus_privatebus = 0,preday,TRUE,0,0,0,0
tmw,bundled_variables.beta_threeplus_privatebus = 0,preday,TRUE,0,0,0,0
tmw,bundled_variables.beta_zero_drive1 = 0,preday,TRUE,0,-2,2,0
tmw,bundled_variables.beta_oneplus_drive1 = 0,preday,TRUE,0,-2,2,0
tmw,bundled_variables.beta_twoplus_drive1 = 0,preday,TRUE,0,-2,2,0
tmw,bundled_variables.beta_threeplus_drive1 = 0,preday,TRUE,0,-2,2,0
tmw,bundled_variables.beta_zero_share2 = 0,preday,TRUE,0,-2,2,0
tmw,bundled_variables.beta_oneplus_share2 = 1.31,preday,TRUE,1.31,-0.69,3.31,1.31
tmw,bundled_variables.beta_twoplus_share2 = 1.20,preday,TRUE,1.2,-0.8,3.2,1.2
tmw,bundled_variables.beta_threeplus_share2 = 0,preday,TRUE,0,-2,2,0
tmw,bundled_variables.beta_zero_share3 = 0,preday,TRUE,0,-2,2,0
tmw,bundled_variables.beta_oneplus_share3 = 0.562,preday,TRUE,0.562,-1.438,2.562,0.562
tmw,bundled_variables.beta_twoplus_share3 = 0,preday,TRUE,0,-2,2,0
tmw,bundled_variables.beta_threeplus_share3 = 0,preday,TRUE,0,-2,2,0
tmw,bundled_variables.beta_zero_motor_car = 0,preday,TRUE,0,-2,2,0
tmw,bundled_variables.beta_oneplus_motor_car = -0.550,preday,TRUE,-0.55,-2.55,1.45,-0.55
tmw,bundled_variables.beta_twoplus_motor_car = -0.0800,preday,TRUE,-0.08,-2.08,1.92,-0.08
tmw,bundled_variables.beta_threeplus_motor_car= 0,preday,TRUE,0,-2,2,0
tmw,bundled_variables.beta_zero_walk = 0,preday,TRUE,0,-2,2,0
tmw,bundled_variables.beta_oneplus_walk = 0,preday,TRUE,0,-2,2,0
tmw,bundled_variables.beta_twoplus_walk = 0,preday,TRUE,0,-2,2,0
tmw,bundled_variables.beta_threeplus_walk = 0,preday,TRUE,0,-2,2,0
tmw,bundled_variables.beta_zero_taxi = 0,preday,TRUE,0,0,0,0
tmw,bundled_variables.beta_oneplus_taxi = 0,preday,TRUE,0,0,0,0
tmw,bundled_variables.beta_twoplus_taxi = 0,preday,TRUE,0,0,0,0
tmw,bundled_variables.beta_threeplus_taxi = 0,preday,TRUE,0,0,0,0
tmw,bundled_variables.beta_zero_SMS = 0,preday,TRUE,0,0,0,0
tmw,bundled_variables.beta_oneplus_SMS = 0,preday,TRUE,0,0,0,0
tmw,bundled_variables.beta_twoplus_SMS = 0,preday,TRUE,0,0,0,0
tmw,bundled_variables.beta_threeplus_SMS = 0,preday,TRUE,0,0,0,0
tmw,bundled_variables.beta_zero_SMS_Pool = 0,preday,TRUE,0,0,0,0
tmw,bundled_variables.beta_oneplus_SMS_Pool = 0,preday,TRUE,0,0,0,0
tmw,bundled_variables.beta_twoplus_SMS_Pool = 0,preday,TRUE,0,0,0,0
tmw,bundled_variables.beta_threeplus_SMS_Pool = 0,preday,TRUE,0,0,0,0
tmw,bundled_variables.beta_zero_motor = 0,preday,TRUE,0,-2,2,0
tmw,bundled_variables.beta_oneplus_motor = 8.2,preday,TRUE,8.2,6.2,10.2,8.2
tmw,bundled_variables.beta_twoplus_motor = 0.238,preday,TRUE,0.238,-1.762,2.238,0.238
tmw,bundled_variables.beta_threeplus_motor = 0.0613,preday,TRUE,0.0613,-1.9387,2.0613,0.0613
tmw,bundled_variables.beta_transfer = -0.0757,preday,TRUE,-0.0757,-2.0757,1.9243,-0.0757
tmw,bundled_variables.beta_distance = 0,preday,TRUE,0,-2,2,0
tmw,bundled_variables.beta_residence = 0.0532,preday,TRUE,0.0532,-1.9468,2.0532,0.0532
tmw,bundled_variables.beta_residence_2 = 0,preday,TRUE,0,-2,2,0
tmw,bundled_variables.beta_attraction = -0.0598,preday,TRUE,0,0,0,-0.0598
tmw,bundled_variables.beta_attraction_2 = 0,preday,TRUE,0,0,0,0
tmw,bundled_variables.beta_age2025_zero_car_bus = 0,preday,TRUE,-1.06,-1.06,-1.06,0
tmw,bundled_variables.beta_age2635_zero_car_bus = 1.41,preday,TRUE,1.41,1.41,1.41,1.41
tmw,bundled_variables.beta_age5165_zero_car_bus = 0.602,preday,TRUE,0.602,0.602,0.602,0.602
tmw,bundled_variables.beta_age65_zero_car_bus = 1.0,preday,TRUE,1,1,1,1
tmw,bundled_variables.beta_age2025_zero_car_mrt = -1.04,preday,TRUE,-1.04,-1.04,-1.04,-1.04
tmw,bundled_variables.beta_age2635_zero_car_mrt = 1.73,preday,TRUE,1.73,1.73,1.73,1.73
tmw,bundled_variables.beta_age2025_zero_car_Rail_SMS = -1.04,preday,TRUE,-1.04,-1.04,-1.04,-1.04
tmw,bundled_variables.beta_age2635_zero_car_Rail_SMS = 1.73,preday,TRUE,1.73,1.73,1.73,1.73
tmw,bundled_variables.beta_age2025_zero_car_Rail_SMS_Pool = -1.04,preday,TRUE,-1.04,-1.04,-1.04,-1.04
tmw,bundled_variables.beta_age2635_zero_car_Rail_SMS_Pool = 1.73,preday,TRUE,1.73,1.73,1.73,1.73
tmw,bundled_variables.beta_age2025_zero_car_privatebus = -1.22,preday,TRUE,-1.22,-1.22,-1.22,-1.22
tmw,bundled_variables.beta_age2635_zero_car_privatebus = 1.37,preday,TRUE,1.37,1.37,1.37,1.37
tmw,bundled_variables.beta_age3650_zero_car_privatebus = -0.230,preday,TRUE,-0.23,-0.23,-0.23,-0.23
tmw,bundled_variables.beta_age5165_zero_car_privatebus = 0.247,preday,TRUE,0.247,0.247,0.247,0.247
tmw,bundled_variables.beta_age65_zero_car_privatebus = -0.528,preday,TRUE,-0.528,-0.528,-0.528,-0.528
tmw,bundled_variables.beta_age65_one_plus_car_privatebus = 0.454,preday,TRUE,0.454,0.454,0.454,0.454
tmw,bundled_variables.beta_age2025_zero_car_share2 = -1.23,preday,TRUE,-1.23,-1.23,-1.23,-1.23
tmw,bundled_variables.beta_age2635_zero_car_share2 = 1.48,preday,TRUE,1.48,1.48,1.48,1.48
tmw,bundled_variables.beta_age3650_zero_car_share2 = 0,preday,TRUE,0,0,0,0
tmw,bundled_variables.beta_age3650_one_plus_car_share2 = 0.297,preday,TRUE,0.297,0.297,0.297,0.297
tmw,bundled_variables.beta_age5165_zero_car_share2 = 0.550,preday,TRUE,0.55,0.55,0.55,0.55
tmw,bundled_variables.beta_age65_zero_car_share2 = 0.868,preday,TRUE,0.868,0.868,0.868,0.868
tmw,bundled_variables.beta_age65_one_plus_car_share2 = 0.998,preday,TRUE,0.998,0.998,0.998,0.998
tmw,bundled_variables.beta_age2025_zero_car_share3 = -1.94,preday,TRUE,-1.94,-1.94,-1.94,-1.94
tmw,bundled_variables.beta_age2635_zero_car_share3 = 1.44,preday,TRUE,1.44,1.44,1.44,1.44
tmw,bundled_variables.beta_age3650_zero_car_share3 = 0,preday,TRUE,0,0,0,0
tmw,bundled_variables.beta_age3650_one_plus_car_share3 = -0.0372,preday,TRUE,-0.0372,-0.0372,-0.0372,-0.0372
tmw,bundled_variables.beta_age5165_zero_car_share3 = -0.0415,preday,TRUE,-0.0415,-0.0415,-0.0415,-0.0415
tmw,bundled_variables.beta_age2025_zero_car_motor = -2.13,preday,TRUE,-2.13,-2.13,-2.13,-2.13
tmw,bundled_variables.beta_age2635_zero_car_motor = 0.884,preday,TRUE,0.884,0.884,0.884,0.884
tmw,bundled_variables.beta_age3650_zero_car_motor = -0.0532,preday,TRUE,-0.0532,-0.0532,-0.0532,-0.0532
tmw,bundled_variables.beta_age5165_zero_car_motor = 0.337,preday,TRUE,0.337,0.337,0.337,0.337
tmw,bundled_variables.beta_age65_zero_car_motor = 0.844,preday,TRUE,0.844,0.844,0.844,0.844
tmw,bundled_variables.beta_age65_one_plus_car_motor = -1.24,preday,TRUE,-1.24,-1.24,-1.24,-1.24
tmw,bundled_variables.beta_age2025_zero_car_walk=-0.89,preday,TRUE,0.89,0.89,0.89,-0.89
tmw,bundled_variables.beta_age2635_zero_car_walk=1.78,preday,TRUE,1.78,1.78,1.78,1.78
tmw,bundled_variables.beta_age3650_one_plus_car_walk=0.445,preday,TRUE,0.445,0.445,0.445,0.445
tmw,bundled_variables.beta_age5165_zero_car_walk=0.342,preday,TRUE,0.342,0.342,0.342,0.342
tmw,bundled_variables.beta_age65_zero_car_walk=-0.265,preday,TRUE,-0.265,-0.265,-0.265,-0.265
tmw,bundled_variables.beta_age65_one_plus_car_walk=-1.33,preday,TRUE,-1.33,-1.33,-1.33,-1.33
tmw,bundled_variables.beta_age2635_zero_car_taxi=2.34,preday,TRUE,2.34,2.34,2.34,2.34
tmw,bundled_variables.beta_age2635_one_plus_car_taxi=0.271,preday,TRUE,0.271,0.271,0.271,0.271
tmw,bundled_variables.beta_age3650_one_plus_car_taxi=-0.428,preday,TRUE,-0.428,-0.428,-0.428,-0.428
tmw,bundled_variables.beta_age5165_zero_car_taxi=0.673,preday,TRUE,0.673,0.673,0.673,0.673
tmw,bundled_variables.beta_age65_zero_car_taxi=2.33,preday,TRUE,2.33,2.33,2.33,2.33
tmw,bundled_variables.beta_age2635_zero_car_SMS=2.34,preday,TRUE,2.34,2.34,2.34,2.34
tmw,bundled_variables.beta_age2635_one_plus_car_SMS=0.271,preday,TRUE,0.271,0.271,0.271,0.271
tmw,bundled_variables.beta_age3650_one_plus_car_SMS=-0.428,preday,TRUE,-0.428,-0.428,-0.428,-0.428
tmw,bundled_variables.beta_age5165_zero_car_SMS=0.673,preday,TRUE,0.673,0.673,0.673,0.673
tmw,bundled_variables.beta_age65_zero_car_SMS=2.33,preday,TRUE,2.33,2.33,2.33,2.33
tmw,bundled_variables.beta_age2635_zero_car_SMS_Pool=2.34,preday,TRUE,2.34,2.34,2.34,2.34
tmw,bundled_variables.beta_age2635_one_plus_car_SMS_Pool=0.271,preday,TRUE,0.271,0.271,0.271,0.271
tmw,bundled_variables.beta_age3650_one_plus_car_SMS_Pool=-0.428,preday,TRUE,-0.428,-0.428,-0.428,-0.428
tmw,bundled_variables.beta_age5165_zero_car_SMS_Pool=0.673,preday,TRUE,0.673,0.673,0.673,0.673
tmw,bundled_variables.beta_age65_zero_car_SMS_Pool=2.33,preday,TRUE,2.33,2.33,2.33,2.33