model;param;initial;lower_limit;upper_limit;provided_initial
dpb;local cons_travel = 1.85;1.85;-2;2;1.85
dpb;local beta_retired = -0.419;-0.419;-2;2;-0.419
dpb;local beta_fulltime = 14.10;17.16900842;10;19.16900842;14.1
dpb;local beta_unemployed = -0.329;-0.450276634;-2.450276634;1.549723366;-0.329
dpb;local beta_female_travel = 0.348;1.699543379;-0.300456621;3.699543379;0.348
dpb;local beta_age2025_travel = -2.32;-2.32;-4;4;-2.32
dpb;local beta_age2635_travel = -2.87;-2.87;-4;4;-2.87
dpb;local beta_age3650_travel = -2.68;-0.983977714;-4;4;-2.68
dpb;local beta_age5165_travel = -2.87;-1.110812026;-4;4;-2.87
dpb;local beta_age65_travel = -3.01;-1.882195843;-4;4;-3.01
dpb;local beta_maleage4_travel = -0.0547;-0.144781492;-4;4;-0.0547
dpb;local beta_maleage515_travel = -0.0436;-12.26515037;-4;4;-0.0436
dpb;local beta_femalenone_travel = -0.0541;-0.0541;-4;4;-0.0541
dpb;local beta_femaleage4_travel = -0.243;-7.087699282;-4;4;-0.243
dpb;local beta_femaleage515_travel = -0.0453;-0.139679538;-4;4;-0.0453
dpb;local beta_onlyadults_travel = 0.326;-9.822398656;-11.82239866;10;0.326
dpb;local beta_income_travel = 0.162;-1.393649173;-3.393649173;3;0.162
dpb;local beta_missingincome_travel = -0.427;6.998231473;-4;4;-0.427
dpb;local beta_twoplus_car_travel = 1.2;2.656672291;-4;4;1.2
dpb;local beta_one_car_travel = 1.2;1.2;-4;4;1.2
dpb;local beta_motoravail_travel = -0.235;3.761126278;-4;4;-0.235
dpb;local beta_dptour_logsum = 0.227;0.218653974;-1.781346026;2.218653974;0.227
dps;local beta_stop_work = -4.829;-7.583133495;-10;10;-4.829
dps;local beta_stop_edu = -4.829;-4.115647122;-10;10;-4.829
dps;local beta_stop_shop = -5.566;-5.566;-10;10;-5.566
dps;local beta_stop_others = -3.96;-1.573219561;-10;10;-3.96
dps;local beta_universitystudent_work = 0;-1.00542099;-3.00542099;0.99457901;0
dps;local beta_universitystudent_edu = 0;-1.158494777;-3.158494777;0.841505223;0
dps;local beta_universitystudent_others = 0.144;-1.844943769;-3.844943769;0.155056231;0.144
dps;local beta_retired_work = 0;-7.395730797;-5;5;0
dps;local beta_retired_edu = 0;-1.048732904;-3.048732904;0.951267096;0
dps;local beta_retired_shop = 1.0;3.805927898;1.805927898;5.805927898;1
dps;local beta_retired_others = 0.236;-0.441451264;-2.441451264;1.558548736;0.236
dps;local beta_unemployed_edu = 0;-2.017010655;-4.017010655;-0.017010655;0
dps;local beta_unemployed_others = 1.06;5.395164272;3.395164272;7.395164272;1.06
dps;local beta_student16_edu = 0;0.378534523;-1.621465477;2.378534523;0
dps;local beta_student16_shop = 0.236;-1.901526104;-3.901526104;0.098473896;0.236
dps;local beta_student16_others = -0.734;0.819290695;-1.180709305;2.819290695;-0.734
dps;local beta_student515_edu = 0;-2.044830843;-4.044830843;-0.044830843;0
dps;local beta_student515_shop = -1.51;-1.453893532;-3.453893532;0.546106468;-1.51
dps;local beta_student515_others = -1.07;-0.633350688;-2.633350688;1.366649312;-1.07
dps;local beta_child4_work = 0;-9.794034435;-10;10;0
dps;local beta_child4_edu = 0;2.433764308;0.433764308;4.433764308;0
dps;local beta_child4_shop = 0;-2.105099933;-4.105099933;-0.105099933;0
dps;local beta_age2025_work = 0.541;-1.077268739;-10;10;0.541
dps;local beta_age2025_edu = 0;7.881225684;5.881225684;9.881225684;0
dps;local beta_age2025_shop = 0.533;1.4029717;-0.5970283;3.4029717;0.533
dps;local beta_age2025_others = -0.654;-7.301013481;-9.301013481;-5.301013481;-0.654
dps;local beta_age2635_work = -0.0821;6.487268731;2;10;-0.0821
dps;local beta_age2635_shop = 0.295;6.607298617;4.607298617;8.607298617;0.295
dps;local beta_age5165_work = 0;-3.252137714;-5;5;0
dps;local beta_age5165_edu = 0;-4.441556079;-6.441556079;-2.441556079;0
dps;local beta_maleage4_work = 0.0552;-0.474372021;-5;5;0.0552
dps;local beta_maleage4_edu = 0;9.69312;7.69312;11.69312;0
dps;local beta_maleage4_shop = -1.05;2.132409529;0.132409529;4.132409529;-1.05
dps;local beta_maleage4_others = 0.268;3.759038285;1.759038285;5.759038285;0.268
dps;local beta_maleage515_work = 0.119;0.055704424;-5;5;0.119
dps;local beta_maleage515_edu = 0;5.299706126;3.299706126;7.299706126;0
dps;local beta_maleage515_shop = -0.871;-3.487335255;-5.487335255;-1.487335255;-0.871
dps;local beta_maleage515_others = 0.482;-3.563414198;-5.563414198;-1.563414198;0.482
dps;local beta_femalenone_work = -0.528;2.064658121;-5;5;-0.528
dps;local beta_femalenone_edu = 0;-3.995550483;-5.995550483;-1.995550483;0
dps;local beta_femalenone_shop = 0.618;3.318251902;1.318251902;5.318251902;0.618
dps;local beta_femaleage4_work = 0.382;-3.84800245;-5;5;0.382
dps;local beta_femaleage4_edu = 0;1.645077027;-0.354922973;3.645077027;0
dps;local beta_femaleage4_shop = 0.132;-1.176802512;-3.176802512;0.823197488;0.132
dps;local beta_femaleage4_others = 0.242;-1.557051647;-3.557051647;0.442948353;0.242
dps;local beta_femaleage515_work = -0.343;-1.347404106;-5;5;-0.343
dps;local beta_femaleage515_edu = 0;6.417876317;4.417876317;8.417876317;0
dps;local beta_femaleage515_shop = 0.391;-5.325430302;-7.325430302;-3.325430302;0.391
dps;local beta_femaleage515_others = 0.285;-13.15500814;-15.15500814;-11.15500814;0.285
dps;local beta_onlyadults_work = 0.372;0.372;-5;5;0.372
dps;local beta_onlyadults_edu = 0;-8.477074727;-10.47707473;-6.477074727;0
dps;local beta_onlyadults_shop = -0.173;-4.713273365;-6.713273365;-2.713273365;-0.173
dps;local beta_onlyworkers_work = -0.235;-1;-5;5;-0.235
dps;local beta_onlyworkers_shop = 0.0257;-0.799810264;-2.799810264;1.200189736;0.0257
dps;local beta_income_work = 0.413;-2.544376176;-5;5;0.413
dps;local beta_income_edu = 0;-1.546794347;-3.546794347;0.453205653;0
dps;local beta_income_shop = 0.147;0.271673365;-1.728326635;2.271673365;0.147
dps;local beta_income_others = 0.104;1.780522519;-0.219477481;3.780522519;0.104
dps;local beta_missingincome_work = 0;-0.641218323;-5;5;0
dps;local beta_missingincome_edu = 0;-3.856200439;-5.856200439;-1.856200439;0
dps;local beta_missingincome_shop = 0.459;5.414175698;3.414175698;7.414175698;0.459
dps;local beta_missingincome_others = 0.544;-5.869211751;-7.869211751;-3.869211751;0.544
dps;local beta_zero_car_work = 0;4.144961957;2.144961957;6.144961957;0
dps;local beta_zero_car_others = 0;-2.317477824;-4.317477824;-0.317477824;0
dps;local beta_one_car_work = -1.49;0.914451333;-5;5;-1.49
dps;local beta_one_car_edu = 0;-1.656247828;-3.656247828;0.343752172;0
dps;local beta_one_car_shop = 0.429;9.7288217;7.7288217;11.7288217;0.429
dps;local beta_one_car_others = 1.49;2.771633095;0.771633095;4.771633095;1.49
dps;local beta_twoplus_car_work = 1.48;-2.173443568;-5;5;1.48
dps;local beta_twoplus_car_edu = 0;-4.381607642;-6.381607642;-2.381607642;0
dps;local beta_motoravail_work = -0.485;-0.159615684;-2.159615684;1.840384316;-0.485
dps;local beta_motoravail_edu = 0;-3.947422128;-5.947422128;-1.947422128;0
dps;local beta_motoravail_others = -0.0091;-2.919018783;-4.919018783;-0.919018783;-0.0091
dps;local beta_onestop = 0;-3.675494971;-5.675494971;-1.675494971;0
dps;local beta_work_logsum = 0.2;0.269638897;-1.730361103;2.269638897;0.2
dps;local beta_edu_logsum = 0;0.90297138;-1.09702862;2.90297138;0
dps;local beta_shopping_logsum = 0;-3.238291243;-5.238291243;-1.238291243;0
dps;local beta_other_logsum = 0;-3.831970171;-5.831970171;-1.831970171;0
dps;local beta_workedu_ss = 0;1.771427577;-0.228572423;3.771427577;0
dps;local beta_workshop_ss = 0;3.255003364;1.255003364;5.255003364;0
dps;local beta_workothers_ss = 4.08;3.689235153;1.689235153;5.689235153;4.08
dps;local beta_edushop_ss = 0;-3.743315047;-5.743315047;-1.743315047;0
dps;local beta_eduothers_ss = 0.986;2.504308766;0.504308766;4.504308766;0.986
dpt;local beta_tour_work = 12.375;-2.806280861;-10;10;12.375
dpt;local beta_tour_shop = -2;-8.477897093;-10.47789709;-6.477897093;-2
dpt;local beta_tour_others = -2.7;-4.827579711;-6.827579711;-2.827579711;-2.7
dpt;local beta_workshop_tt = 2.52;1.53310971;-5;5;2.52
dpt;local beta_workothers_tt = 2.99;0.870994132;-5;5;2.99
dpt;local beta_eduothers_tt = -0.375;2.510617443;0.510617443;4.510617443;-0.375
dpt;local beta_shopothers_tt = 0.355;0.149535073;-1.850464927;2.149535073;0.355
dpt;local beta_workedu_tt = -3.82;-5.502586833;-7.502586833;-3.502586833;-3.82
dpt;local beta_workshopother_tt = -3.29;-7.811111446;-9.811111446;-5.811111446;-3.29
dpt;local beta_universitystudent_work = -999;-1;-3;1;-999
dpt;local beta_universitystudent_edu = 0;3.504999204;1.504999204;5.504999204;0
dpt;local beta_universitystudent_shop = 0;-2.025537615;-4.025537615;-0.025537615;0
dpt;local beta_universitystudent_others = 2.59;-1.810430017;-3.810430017;0.189569983;2.59
dpt;local beta_retired_work = -999;-8;-10;10;-999
dpt;local beta_retired_edu = 0;0;-2;2;0
dpt;local beta_retired_shop = 4.41;4.562238239;2.562238239;6.562238239;4.41
dpt;local beta_retired_others = 7.23;5.566346887;3.566346887;7.566346887;7.23
dpt;local beta_unemployed_edu = 0;-1.204414167;-3.204414167;0.795585833;0
dpt;local beta_unemployed_shop = 4.56;2.438621669;0.438621669;4.438621669;4.56
dpt;local beta_unemployed_others = 7.41;-0.127886772;-2.127886772;1.872113228;7.41
dpt;local beta_student16_edu = 0;-2.211767367;-4.211767367;-0.211767367;0
dpt;local beta_student16_shop = 1.56;4.4529962;2.4529962;6.4529962;1.56
dpt;local beta_student16_others = 3.75;6.694158639;4.694158639;8.694158639;3.75
dpt;local beta_student515_edu = 0;0.397979435;-1.602020565;2.397979435;0
dpt;local beta_child4_work = -999;0;-5;5;-999
dpt;local beta_child4_edu = 0;3.59097579;1.59097579;5.59097579;0
dpt;local beta_child4_shop = 0;0.201832088;-1.798167912;2.201832088;0
dpt;local beta_child4_others = 0;3.380498732;1.380498732;5.380498732;0
dpt;local beta_age2025_work = 0.189;-0.771003948;-5;5;0.189
dpt;local beta_age2025_shop = -1.05;-5.2125495;-7.2125495;-3.2125495;-1.05
dpt;local beta_age2635_work = 0.769;0.769;-5;5;0.769
dpt;local beta_age2635_edu = 0;6.614025337;4.614025337;8.614025337;0
dpt;local beta_age2635_shop = 0.866;-0.311010756;-2.311010756;1.688989244;0.866
dpt;local beta_age5165_work = 0;0;-5;5;0
dpt;local beta_age5165_edu = 0;-3.167994451;-5.167994451;-1.167994451;0
dpt;local beta_age5165_shop = 0;1.088389424;-0.911610576;3.088389424;0
dpt;local beta_age5165_others = 0;1.363629203;-0.636370797;3.363629203;0
dpt;local beta_maleage4_work = 0.563;7.038249681;-5;5;0.563
dpt;local beta_maleage4_edu = 0;0.835858875;-1.164141125;2.835858875;0
dpt;local beta_maleage4_shop = 0.777;7.006714927;5.006714927;9.006714927;0.777
dpt;local beta_maleage515_work = -0.0965;-2.713908965;-5;5;-0.0965
dpt;local beta_maleage515_edu = 0;1.278246566;-0.721753434;3.278246566;0
dpt;local beta_maleage515_shop = -0.472;7.810321264;5.810321264;9.810321264;-0.472
dpt;local beta_maleage515_others = 0.519;-3.195500521;-5.195500521;-1.195500521;0.519
dpt;local beta_femalenone_work = -0.529;-1.386321622;-5;5;-0.529
dpt;local beta_femalenone_edu = 0;-5.454244514;-7.454244514;-3.454244514;0
dpt;local beta_femalenone_shop = 0.627;0.748125348;-1.251874652;2.748125348;0.627
dpt;local beta_femaleage4_work = -1.13;0.41699499;-5;5;-1.13
dpt;local beta_femaleage4_edu = 0;-3.416642907;-5.416642907;-1.416642907;0
dpt;local beta_femaleage4_shop = 0.553;3.674735273;1.674735273;5.674735273;0.553
dpt;local beta_femaleage4_others = -0.149;-0.502288171;-2.502288171;1.497711829;-0.149
dpt;local beta_femaleage515_work = -0.531;0.379160227;-5;5;-0.531
dpt;local beta_femaleage515_edu = 0;4.049099011;2.049099011;6.049099011;0
dpt;local beta_femaleage515_shop = 0.564;-5.100951177;-7.100951177;-3.100951177;0.564
dpt;local beta_femaleage515_others = 0.192;2.531685455;0.531685455;4.531685455;0.192
dpt;local beta_onlyadults_work = 1;2.312410193;-5;5;1
dpt;local beta_onlyadults_edu = 0;2;0;4;0
dpt;local beta_onlyadults_shop = -0.354;1.676672006;-0.323327994;3.676672006;-0.354
dpt;local beta_onlyadults_others = 0.174;-0.168118986;-2.168118986;1.831881014;0.174
dpt;local beta_onlyworkers_work = 1.97;-1;-5;5;1.97
dpt;local beta_onlyworkers_others = 0.688;-7.168498617;-9.168498617;-5.168498617;0.688
dpt;local beta_income_work = 1.51;1.51;-5;5;1.51
dpt;local beta_income_edu = 0;4.510756942;2.510756942;6.510756942;0
dpt;local beta_income_shop = -0.781;-0.778851764;-2.778851764;1.221148236;-0.781
dpt;local beta_missingincome_work = 5.52;5.52;-5;5;5.52
dpt;local beta_missingincome_edu = 0;-2.450274169;-4.450274169;-0.450274169;0
dpt;local beta_missingincome_shop = -0.550;-0.79069455;-2.79069455;1.20930545;-0.55
dpt;local beta_zero_car_work = 0;-5.162955274;-8;5;0
dpt;local beta_zero_car_edu = 0;0.67363948;-1.32636052;2.67363948;0
dpt;local beta_zero_car_shop = 0;-4.301566014;-6.301566014;-2.301566014;0
dpt;local beta_zero_car_others = 0;5.998154867;3.998154867;7.998154867;0
dpt;local beta_one_car_work = 1;11.38724769;-10;10;1
dpt;local beta_one_car_edu = 0;0.444131053;-1.555868947;2.444131053;0
dpt;local beta_one_car_shop = 1.69;-5.480553969;-7.480553969;-3.480553969;1.69
dpt;local beta_twoplus_car_work = 1;1;-3;3;1
dpt;local beta_twoplus_car_shop = 1.32;2.988004344;0.988004344;4.988004344;1.32
dpt;local beta_twoplus_car_others = 1.71;-1.298010105;-3.298010105;0.701989895;1.71
dpt;local beta_motoravail_work = 1.15;4.106656549;2.106656549;6.106656549;1.15
dpt;local beta_motoravail_edu = 0;0.306956158;-1.693043842;2.306956158;0
dpt;local beta_motoravail_shop = 0.896;5.224670955;3.224670955;7.224670955;0.896
dpt;local beta_onetour = 0;-9.18616051;-11.18616051;-7.18616051;0
dpt;local beta_work_logsum = 0.30;1.428300829;-0.571699171;3.428300829;0.3
dpt;local beta_edu_logsum = 0;-0.425629338;-2.425629338;1.574370662;0
dpt;local beta_shopping_logsum = 0.262;7.391759433;5.391759433;9.391759433;0.262
dpt;local beta_other_logsum = 0.301;-5.405426709;-7.405426709;-3.405426709;0.301
tmdo;local beta_cost_drive1_1 = -10;-10;-15;0;-10
tmdo;local beta_cost_share2_1 = -11;-11;-15;0;-11
tmdo;local beta_cost_share3_1 = -11;-11;-15;0;-11
tmdo;local beta_cost_motor_1 = 0;0;-2;2;0
tmdo;local beta_cost_drive1_2 = -7;-7;-15;0;-7
tmdo;local beta_cost_share2_2 = -8;0;-15;0;-8
tmdo;local beta_cost_share3_2 = -8;0;-15;0;-8
tmdo;local beta_cost_motor_2 = 0;0;-2;2;0
tmdo;local beta_tt_bus_mrt = -0.1;-0.1;-15;0;-0.1
tmdo;local beta_tt_drive1 =  -8;-8;-15;0;-8
tmdo;local beta_tt_share2 = -10;-10;-15;0;-10
tmdo;local beta_tt_share3 = -11;-11;-15;0;-11
tmdo;local beta_tt_motor = -0.199;-0.199;-2.199;1.801;-0.199
tmdo;local beta_tt_walk = -4;-4;-5;0;-4
tmdo;local beta_log = 0.234;0.234;-1.766;2.234;0.234
tmdo;local beta_area = 0;0;-2;2;0
tmdo;local beta_population = -6.78;-6.78;-2;2;-6.78
tmdo;local beta_central_bus_mrt = 3;3;0;10;3
tmdo;local beta_central_drive1 = 0;0;-15;0;0
tmdo;local beta_central_share2 = -0.5;-0.5;-15;0;-0.5
tmdo;local beta_central_share3 = -0.8;-0.8;-15;0;-0.8
tmdo;local beta_central_motor = 0.273;0.273;-1.727;2.273;0.273
tmdo;local beta_central_walk = -0.5;-0.5;-10;10;-0.5
tmdo;local beta_distance_bus_mrt = 0;0;-15;2;0
tmdo;local beta_distance_drive1 = -3;-3;-15;0;-3
tmdo;local beta_distance_share2 = -3.5;-3.5;-15;0;-3.5
tmdo;local beta_distance_share3 = -3.5;-3.5;-15;0;-3.5
tmdo;local beta_distance_motor = 0.0521;0.0521;-1.9479;2.0521;0.0521
tmdo;local beta_distance_walk = -3;-3;-8;8;-3
tmdo;local beta_cons_bus = 10;10;-5;15;10
tmdo;local beta_cons_mrt = 4.8;4.8;2.8;6.8;4.8
tmdo;local beta_cons_drive1 = -3;-3;-5;-1;-3
tmdo;local beta_cons_share2 = -4;-4;-6;-2;-4
tmdo;local beta_cons_share3 = -2;-2;-4;0;-2
tmdo;local beta_cons_motor = 8.120;8.12;6.12;10.12;8.12
tmdo;local beta_cons_walk = -1;-1;-8;8;-1
tmdo;local beta_zero_bus = 0;0;-2;2;0
tmdo;local beta_oneplus_bus = -0.1;-0.1;-2.1;1.9;-0.1
tmdo;local beta_twoplus_bus = -0.2;-0.2;-2.2;1.8;-0.2
tmdo;local beta_threeplus_bus = 0;0;-2;2;0
tmdo;local beta_zero_mrt= 0;0;-2;2;0
tmdo;local beta_oneplus_mrt = -1.01;-1.01;-3.01;0.99;-1.01
tmdo;local beta_twoplus_mrt = -0.984;-0.984;-2.984;1.016;-0.984
tmdo;local beta_threeplus_mrt = 0;0;-2;2;0
tmdo;local beta_zero_drive1 = 0;0;-2;2;0
tmdo;local beta_oneplus_drive1 = 0;0;-2;2;0
tmdo;local beta_twoplus_drive1 = 0.590;0.59;-1.41;2.59;0.59
tmdo;local beta_threeplus_drive1 = 0;0;-2;2;0
tmdo;local beta_zero_share2 = 0;0;-2;2;0
tmdo;local beta_oneplus_share2 = 1.99;1.99;-0.01;3.99;1.99
tmdo;local beta_twoplus_share2 = 0;0;-2;2;0
tmdo;local beta_threeplus_share2 = 0;0;-2;2;0
tmdo;local beta_zero_share3 = 0;0;-2;2;0
tmdo;local beta_oneplus_share3 = 1.32;1.32;-0.68;3.32;1.32
tmdo;local beta_twoplus_share3 = -0.421;-0.421;-2.421;1.579;-0.421
tmdo;local beta_threeplus_share3 = 0;0;-2;2;0
tmdo;local beta_zero_car_motor = 0;0;-2;2;0
tmdo;local beta_oneplus_car_motor = -1.40;-1.4;-3.4;0.6;-1.4
tmdo;local beta_twoplus_car_motor = 0;0;-2;2;0
tmdo;local beta_threeplus_car_motor = 0;0;-2;2;0
tmdo;local beta_zero_walk = 0;0;-2;2;0
tmdo;local beta_oneplus_walk = 0;0;-2;2;0
tmdo;local beta_twoplus_walk = 0;0;-2;2;0
tmdo;local beta_threeplus_walk = 0;0;-2;2;0
tmdo;local beta_zero_motor = 0;0;-2;2;0
tmdo;local beta_oneplus_motor = 0;0;-2;2;0
tmdo;local beta_twoplus_motor = 2.88;2.88;0.88;4.88;2.88
tmdo;local beta_threeplus_motor = 0;0;-2;2;0
tmdo;local beta_female_bus = 0.919;0.919;-1.081;2.919;0.919
tmdo;local beta_female_mrt = 0.996;0.996;-1.004;2.996;0.996
tmdo;local beta_female_drive1 = 0;0;-2;2;0
tmdo;local beta_female_share2 = 0.536;0.536;-1.464;2.536;0.536
tmdo;local beta_female_share3 = 0.870;0.87;-1.13;2.87;0.87
tmdo;local beta_female_motor = 0;0;-2;2;0
tmdo;local beta_female_walk = 2.29;2.29;0.29;4.29;2.29
tmds;local beta_cost_drive1_1 = -3;-3;-15;0;-3
tmds;local beta_cost_share2_1= -3;-3;-15;0;-3
tmds;local beta_cost_share3_1= -3;-3;-15;0;-3
tmds;local beta_cost_motor_1 = 0;0;-2;2;0
tmds;local beta_cost_drive1_2 = -3;-3;-15;0;-3
tmds;local beta_cost_share2_2 = -4;-4;-15;0;-4
tmds;local beta_cost_share3_2 = -4;-4;-15;0;-4
tmds;local beta_cost_motor_2 = -0.150;-0.15;-2.15;1.85;-0.15
tmds;local beta_tt_bus_mrt = -0.1;-0.1;-15;0;-0.1
tmds;local beta_tt_drive1 = -7;-7;-15;0;-7
tmds;local beta_tt_share2 = -9;-9;-15;0;-9
tmds;local beta_tt_share3= -9;-9;-15;0;-9
tmds;local beta_tt_motor = 0;0;-2;2;0
tmds;local beta_tt_walk = -7;-7;-3;3;-7
tmds;local beta_log = 1.14;1.14;-0.86;3.14;1.14
tmds;local beta_area = 3.41;3.41;1.41;5.41;3.41
tmds;local beta_population = -7.24;-7.24;-9.24;-5.24;-7.24
tmds;local beta_central_bus_mrt = 1;1;-1;3;1
tmds;local beta_central_drive1 = -0.178;-0.178;-10;0;-0.178
tmds;local beta_central_share2 = -0.478;-0.478;-10;0;-0.478
tmds;local beta_central_share3 = -0.478;-0.478;-10;0;-0.478
tmds;local beta_central_motor = 0.0738;0.0738;-1.9262;2.0738;0.0738
tmds;local beta_central_walk = -0.5;-0.5;-10;10;-0.5
tmds;local beta_distance_bus_mrt = 0.5;0.5;-15;2;0.5
tmds;local beta_distance_drive1 = -2;-2;-15;2;-2
tmds;local beta_distance_share2 = -2;-2;-15;2;-2
tmds;local beta_distance_share3 = -2;-2;-15;2;-2
tmds;local beta_distance_motor = -0.0635;-0.0635;-2.0635;1.9365;-0.0635
tmds;local beta_distance_walk = -2;-2;-8;8;-2
tmds;local beta_cons_bus = -0.1;-0.1;-8;8;-0.1
tmds;local beta_cons_mrt = -3;-3;-5;-1;-3
tmds;local beta_cons_drive1 = -3;-3;-5;-1;-3
tmds;local beta_cons_share2 = -6.193;-6.193;-8.193;-4.193;-6.193
tmds;local beta_cons_share3 = -6.578;-6.578;-8.578;-4.578;-6.578
tmds;local beta_cons_motor = 1.240;1.24;-0.76;3.24;1.24
tmds;local beta_cons_walk = -6;-6;-8;8;-6
tmds;local beta_zero_bus = 0;0;-2;2;0
tmds;local beta_oneplus_bus = 0;0;-2;2;0
tmds;local beta_twoplus_bus = -0.2;-0.2;-2.2;1.8;-0.2
tmds;local beta_threeplus_bus = 0;0;-2;2;0
tmds;local beta_zero_mrt= 0;0;-2;2;0
tmds;local beta_oneplus_mrt = 0.648;0.648;-1.352;2.648;0.648
tmds;local beta_twoplus_mrt = -2.55;-2.55;-4.55;-0.55;-2.55
tmds;local beta_threeplus_mrt = 0;0;-2;2;0
tmds;local beta_zero_drive1 = 0;0;-2;2;0
tmds;local beta_oneplus_drive1 = 0;0;-2;2;0
tmds;local beta_twoplus_drive1 = 0.476;0.476;-1.524;2.476;0.476
tmds;local beta_threeplus_drive1 = 0;0;-2;2;0
tmds;local beta_zero_share2 = 0;0;-2;2;0
tmds;local beta_oneplus_share2 = 3.65;3.65;1.65;5.65;3.65
tmds;local beta_twoplus_share2 = 0;0;-2;2;0
tmds;local beta_threeplus_share2 = 0;0;-2;2;0
tmds;local beta_zero_share3 = 0;0;-2;2;0
tmds;local beta_oneplus_share3 = 2.82;2.82;0.82;4.82;2.82
tmds;local beta_twoplus_share3 = -0.735;-0.735;-2.735;1.265;-0.735
tmds;local beta_threeplus_share3 = 0;0;-2;2;0
tmds;local beta_zero_car_motor = 0;0;-2;2;0
tmds;local beta_oneplus_car_motor = 0;0;-2;2;0
tmds;local beta_twoplus_car_motor = 0;0;-2;2;0
tmds;local beta_threeplus_car_motor = 0;0;-2;2;0
tmds;local beta_zero_walk = 0;0;-2;2;0
tmds;local beta_oneplus_walk = 0;0;-2;2;0
tmds;local beta_twoplus_walk = 0;0;-2;2;0
tmds;local beta_threeplus_walk = 0;0;-2;2;0
tmds;local beta_zero_motor = 0;0;-2;2;0
tmds;local beta_oneplus_motor = 0;0;-2;2;0
tmds;local beta_twoplus_motor= 4.89;4.89;2.89;6.89;4.89
tmds;local beta_threeplus_motor= 0 ;0;-2;2;0
tmds;local beta_female_bus = 0.0894;0.0894;-1.9106;2.0894;0.0894
tmds;local beta_female_mrt = 0;0;-2;2;0
tmds;local beta_female_drive1 = 0;0;-2;2;0
tmds;local beta_female_share2 = -0.669;-0.669;-2.669;1.331;-0.669
tmds;local beta_female_share3 = -0.690;-0.69;-2.69;1.31;-0.69
tmds;local beta_female_motor = -2.60;-2.6;-4.6;-0.6;-2.6
tmds;local beta_female_walk = 1.83;1.83;-0.17;3.83;1.83
tme;local beta_cons_bus = -2;-2;-5;15;-2
tme;local beta_cons_mrt = - 8;-8;-10;-6;-8
tme;local beta_cons_drive1= -4;-4;-15;0;-4
tme;local beta_cons_share2= -15;-15;-17;-13;-15
tme;local beta_cons_share3= -13.5;-13.5;-15.5;-11.5;-13.5
tme;local beta_cons_motor= 9.992;9.992;7.992;11.992;9.992
tme;local beta_cons_walk= -6.5;-6.5;-8;8;-6.5
tme;local beta1_1_tt = 0.1;0.1;-15;0;0.1
tme;local beta1_2_tt = -0.690;-0.69;-15;0;-0.69
tme;local beta1_3_tt = -1.06;-1.06;-15;0;-1.06
tme;local beta2_tt_drive1 = -0.736;-0.736;-15;0;-0.736
tme;local beta2_tt_share2 = -2;-2;-15;0;-2
tme;local beta2_tt_share3 = -2;-2;-15;0;-2
tme;local beta2_tt_motor = 0;0;-2;2;0
tme;local beta_tt_walk = -4;-4;-3;3;-4
tme;local beta_cost = 0;0;-2;2;0
tme;local beta_central_bus = -0.330;-0.33;-10;10;-0.33
tme;local beta_central_mrt = 0.502 ;0.502;-1.498;2.502;0.502
tme;local beta_central_share2 = -0.5;-0.5;-10;0;-0.5
tme;local beta_central_share3 = -0.8;-0.8;-10;0;-0.8
tme;local beta_central_motor = 0.136;0.136;-1.864;2.136;0.136
tme;local beta_central_walk = 0.1;0.1;-10;10;0.1
tme;local beta_female_bus = 0.804;0.804;-5;5;0.804
tme;local beta_female_mrt = 0.916;0.916;-1.084;2.916;0.916
tme;local beta_female_drive1 = 0;0;-5;5;0
tme;local beta_female_share2 = 0.877;0.877;-5;5;0.877
tme;local beta_female_share3 = 0.762;0.762;-5;5;0.762
tme;local beta_female_motor = 0;0;-2;2;0
tme;local beta_female_walk = 0.877;0.877;-5;5;0.877
tme;local beta_zero_drive1 = 0;0;-2;2;0
tme;local beta_oneplus_drive1 = 0;0;-2;2;0
tme;local beta_twoplus_drive1 = 0;0;-2;2;0
tme;local beta_threeplus_drive1 = 0;0;-2;2;0
tme;local beta_zero_share2 = 0;0;-2;2;0
tme;local beta_oneplus_share2 = 2.77;2.77;0.77;4.77;2.77
tme;local beta_twoplus_share2 = 2.77;2.77;0.77;4.77;2.77
tme;local beta_threeplus_share2 = 0.140;0.14;-1.86;2.14;0.14
tme;local beta_zero_share3 = 0;0;-2;2;0
tme;local beta_oneplus_share3 = 2.79;2.79;0.79;4.79;2.79
tme;local beta_twoplus_share3 = 0.998;0.998;-1.002;2.998;0.998
tme;local beta_threeplus_share3 = 0;0;-2;2;0
tme;local beta_zero_motor = 0;0;-2;2;0
tme;local beta_oneplus_motor = 0;0;-2;2;0
tme;local beta_twoplus_motor = 0;0;-2;2;0
tme;local beta_threeplus_motor = 0;0;-2;2;0
tme;local beta_transfer = 0;0;-2;2;0
tme;local beta_distance = -0.0116;-0.0116;-2.0116;1.9884;-0.0116
tme;local beta_residence = -0.488;-0.488;-2.488;1.512;-0.488
tme;local beta_residence_2 = 0;0;-2;2;0
tme;local beta_university_student_bus = -0.157;-0.157;-2.157;1.843;-0.157
tme;local beta_university_student_mrt = 0.308;0.308;-1.692;2.308;0.308
tme;local beta_university_student_drive1 = 0;0;-2;2;0
tme;local beta_university_student_share2 = 0.267;0.267;-1.733;2.267;0.267
tme;local beta_university_student_share3 = 0;0;-2;2;0
tme;local beta_university_student_motor = 0;0;-2;2;0
tme;local beta_university_student_walk = 0;0;-2;2;0
tme;local beta_distance_motor = 0;0;-2;2;0
tmw;bundled_variables.beta_cons_bus = -0.1;-0.1;-10;10;-0.1
tmw;bundled_variables.beta_cons_mrt = -2;-2;-4;0;-2
tmw;bundled_variables.beta_cons_drive1 = -10;-10;-15;5;-10
tmw;bundled_variables.beta_cons_share2 = -10;-10;-15;5;-10
tmw;bundled_variables.beta_cons_share3 = -11;-11;-15;5;-11
tmw;bundled_variables.beta_cons_motor = -0.042;-0.042;-2.042;1.958;-0.042
tmw;bundled_variables.beta_cons_walk = -4.5;-4.5;-8;8;-4.5
tmw;local beta1_1_tt = -0.1;-0.1;-15;0;-0.1
tmw;local beta1_2_tt = -0.1;-0.1;-15;0;-0.1
tmw;local beta1_3_tt = -0.1;-0.1;-15;0;-0.1
tmw;local beta2_tt_drive1 = -7;-7;-15;0;-7
tmw;local beta2_tt_share2 = -7;-7;-15;0;-7
tmw;local beta2_tt_share3 = -6;-6;-15;0;-6
tmw;local beta2_tt_motor = -0.897;-0.897;-2.897;1.103;-0.897
tmw;bundled_variables.beta_tt_walk = -4;-4;-6;-2;-4
tmw;bundled_variables.beta_tt_taxi = -1.17;-1.17;-3;3;-1.17
tmw;local beta6_1_cost = -6.16;-6.16;-8.16;-4.16;-6.16
tmw;local beta6_2_cost = -0.04;-0.04;-2.04;1.96;-0.04
tmw;local beta7_1_cost = -8.34;-8.34;-10.34;-6.34;-8.34
tmw;local beta7_2_cost = -0.0383;-0.0383;-2.0383;1.9617;-0.0383
tmw;local beta8_1_cost = -7.96;-7.96;-9.96;-5.96;-7.96
tmw;local beta8_2_cost = -0.0332;-0.0332;-2.0332;1.9668;-0.0332
tmw;local beta9_1_cost = -6.74;-6.74;-8.74;-4.74;-6.74
tmw;local beta9_2_cost = -0.0455;-0.0455;-2.0455;1.9545;-0.0455
tmw;bundled_variables.beta_central_bus = 2;2;-10;10;2
tmw;bundled_variables.beta_central_mrt = 1.13;1.13;-0.87;3.13;1.13
tmw;bundled_variables.beta_central_share2 = -0.5;-0.5;-10;0;-0.5
tmw;bundled_variables.beta_central_share3 = -0.8;-0.8;-10;0;-0.8
tmw;bundled_variables.beta_central_motor = 0.300;0.3;-1.7;2.3;0.3
tmw;bundled_variables.beta_central_walk = 0;0;-10;10;0
tmw;bundled_variables.beta_female_oneplus_bus = 1.73;1.73;-0.27;3.73;1.73
tmw;bundled_variables.beta_female_twoplus_bus = 0;0;-2;2;0
tmw;bundled_variables.beta_female_oneplus_mrt = 1.73;1.73;-0.27;3.73;1.73
tmw;bundled_variables.beta_female_twoplus_mrt = 0;0;-2;2;0
tmw;bundled_variables.beta_female_oneplus_drive1 = 0;0;-2;2;0
tmw;bundled_variables.beta_female_twoplus_drive1 = -0.708;-0.708;-2.708;1.292;-0.708
tmw;bundled_variables.beta_female_oneplus_share2 = 1.57;1.57;-0.43;3.57;1.57
tmw;bundled_variables.beta_female_twoplus_share2 = -1.54;-1.54;-3.54;0.46;-1.54
tmw;bundled_variables.beta_female_oneplus_share3 = 1.38;1.38;-0.62;3.38;1.38
tmw;bundled_variables.beta_female_twoplus_share3 = -0.560;-0.56;-2.56;1.44;-0.56
tmw;bundled_variables.beta_female_oneplus_motor = -3.33;-3.33;-5.33;-1.33;-3.33
tmw;bundled_variables.beta_female_twoplus_motor = 0;0;-2;2;0
tmw;bundled_variables.beta_female_oneplus_walk = 1.36;1.36;-0.64;3.36;1.36
tmw;bundled_variables.beta_female_twoplus_walk = 0;0;-2;2;0
tmw;bundled_variables.beta_zero_bus = 1;1;-1;3;1
tmw;bundled_variables.beta_oneplus_bus = -0.61;-0.61;-2.61;1.39;-0.61
tmw;bundled_variables.beta_twoplus_bus = 0.384;0.384;-1.616;2.384;0.384
tmw;bundled_variables.beta_threeplus_bus = 0;0;-2;2;0
tmw;bundled_variables.beta_zero_mrt = 0;0;-2;2;0
tmw;bundled_variables.beta_oneplus_mrt = -1.43;-1.43;-3.43;0.57;-1.43
tmw;bundled_variables.beta_twoplus_mrt = 0.525;0.525;-1.475;2.525;0.525
tmw;bundled_variables.beta_threeplus_mrt = 0;0;-2;2;0
tmw;bundled_variables.beta_zero_drive1 = 0;0;-2;2;0
tmw;bundled_variables.beta_oneplus_drive1 = 0;0;-2;2;0
tmw;bundled_variables.beta_twoplus_drive1 = 0;0;-2;2;0
tmw;bundled_variables.beta_threeplus_drive1 = 0;0;-2;2;0
tmw;bundled_variables.beta_zero_share2 = 0;0;-2;2;0
tmw;bundled_variables.beta_oneplus_share2 = 1.31;1.31;-0.69;3.31;1.31
tmw;bundled_variables.beta_twoplus_share2 = 1.20;1.2;-0.8;3.2;1.2
tmw;bundled_variables.beta_threeplus_share2 = 0;0;-2;2;0
tmw;bundled_variables.beta_zero_share3 = 0;0;-2;2;0
tmw;bundled_variables.beta_oneplus_share3 = 0.562;0.562;-1.438;2.562;0.562
tmw;bundled_variables.beta_twoplus_share3 = 0;0;-2;2;0
tmw;bundled_variables.beta_threeplus_share3 = 0;0;-2;2;0
tmw;bundled_variables.beta_zero_motor_car = 0;0;-2;2;0
tmw;bundled_variables.beta_oneplus_motor_car = -0.550;-0.55;-2.55;1.45;-0.55
tmw;bundled_variables.beta_twoplus_motor_car = -0.0800;-0.08;-2.08;1.92;-0.08
tmw;bundled_variables.beta_threeplus_motor_car= 0;0;-2;2;0
tmw;bundled_variables.beta_zero_walk = 0;0;-2;2;0
tmw;bundled_variables.beta_oneplus_walk = 0;0;-2;2;0
tmw;bundled_variables.beta_twoplus_walk = 0;0;-2;2;0
tmw;bundled_variables.beta_threeplus_walk = 0;0;-2;2;0
tmw;bundled_variables.beta_zero_motor = 0;0;-2;2;0
tmw;bundled_variables.beta_oneplus_motor = 8.2;8.2;6.2;10.2;8.2
tmw;bundled_variables.beta_twoplus_motor = 0.238;0.238;-1.762;2.238;0.238
tmw;bundled_variables.beta_threeplus_motor = 0.0613;0.0613;-1.9387;2.0613;0.0613
tmw;bundled_variables.beta_transfer = -0.0757;-0.0757;-2.0757;1.9243;-0.0757
tmw;bundled_variables.beta_distance = 0;0;-2;2;0
tmw;bundled_variables.beta_residence = 0.0532;0.0532;-1.9468;2.0532;0.0532
tmw;bundled_variables.beta_residence_2 = 0;0;-2;2;0
